"DAY SHEETS, as at 5:48AM on Friday 4th"
DAY 1: Friday 23rd January 2026
Race,Time,Event #,Event Type,Round,Division,lane_1,lane_2,lane_3,lane_4,lane_5,lane_6,lane_7,lane_8,lane_9,Progression
1 (A),07:30,1C,Opn 2X (P) [1000m],prelim,1,,,,PETC 1,TGSC 1,CAMC 1,,,,""
2 (B),07:32,1,W Clb 2X,heat,1,TGAC 2,WREC 3,AKLC 1,TAWC 1,STAC 1,ROTC 1,EGGS 2,WELC 1,,"1=FA; + 3 NF; NF 9=FB; etc"
3 (C),07:36,1,W Clb 2X,heat,2,WELC 2,HKIC 1,TAWC 2,BPCC 1,SPCC 1,WHAC 1,KICC 2,CAMC 12,,"1=FA; + 3 NF; NF 9=FB; etc"
4 (D),07:40,1,W Clb 2X,heat,3,CAMC 13,GISC 1,BPCC 2,WKDS 1,WREC 1,HWBC 1,STAC 3,COMC 2,,"1=FA; + 3 NF; NF 9=FB; etc"
5 (E),07:44,1,W Clb 2X,heat,4,EGGS 1,WESC 2,SPCC 2,KICC 1,COMC 1,TGAC 1,BPCC 3,STAC 2,,"1=FA; + 3 NF; NF 9=FB; etc"
6 (F),07:48,1,W Clb 2X,heat,5,COMC 3,ROTC 2,SKEC 1,WKOC 1,WESC 1,AWGC 2,TGSC 2,WREC 4,,"1=FA; + 3 NF; NF 9=FB; etc"
7 (G),07:52,1,W Clb 2X,heat,6,PETC 1,AWGC 1,CLIC 1,HAMC 1,CAMC 11,BPCC 4,WREC 2,GISC 2,,"1=FA; + 3 NF; NF 9=FB; etc"
8 (H),07:56,2,M Clb 2X,heat,1,KICC 1,PORC 1,GISC 3,HWBC 1,WKOC 1,MERC 2,SPCC 1,CAMC 1,STAC 3,"1=FA; + 3 NF; NF 9=FB; etc"
9 (I),08:00,2,M Clb 2X,heat,2,CAMC 3,SGEC 1,WELC 1,CLIC 3,AWGC 1,HAMC 1,TGBC 2,PORC 2,KICC 2,"1=FA; + 3 NF; NF 9=FB; etc"
10 (J),08:04,2,M Clb 2X,heat,3,STAC 4,CLIC 2,,MERC 1,TGBC 1,CAMC 21,WANC 1,SKEC 1,WELC 2,"1=FA; + 3 NF; NF 9=FB; etc"
11 (K),08:08,2,M Clb 2X,heat,4,SHAC 1,SKEC 2,CAMC 2,AWGC 2,WREC 1,HKIC 2,GISC 2,WESC 2,,"1=FA; + 3 NF; NF 9=FB; etc"
12 (L),08:12,2,M Clb 2X,heat,5,NSHC 2,STAC 2,SPCC 2,HKIC 1,HAMC 2,WKOC 2,TGSC 1,WANC 2,,"1=FA; + 3 NF; NF 9=FB; etc"
13 (M),08:16,2,M Clb 2X,heat,6,GISC 4,SJHM 1,HAMC 3,WESC 1,STAC 1,GISC 1,NSHC 1,AKLC 1,,"1=FA; + 3 NF; NF 9=FB; etc"
14 (N),08:20,3,W Int 4+,heat,1,HAMG 2,SKEC 1,MERC 1,HAMC 1,EGGS 1,WKDS 1,AKLC 32,WANC 1,,"1=FA; + 5 NF; NF 9=FB; etc"
15 (O),08:24,3,W Int 4+,heat,2,WEL* 2,CAMC 13,KIC* 1,AKLC 31,WKDS 3,CAMC 11,EGGS 2,HAMG 1,,"1=FA; + 5 NF; NF 9=FB; etc"
16 (P),08:28,3,W Int 4+,heat,3,PORC 2,BPCC 1,CAMC 12,UNWC 1,PORC 1,AKLC 33,WKDS 2,SPCC 1,,"1=FA; + 5 NF; NF 9=FB; etc"
17 (Q),08:32,3,W Int 4+,heat,4,,MERC 2,WREC 1,CAMC 21,GISC 1,KICC 2,CAMC 22,BPCC 2,,"1=FA; + 5 NF; NF 9=FB; etc"
18 (R),08:37,4,W Nov 2X,heat,1,WELC 2,KICC 1,TGAC 1,WESC 1,HWBC 2,CLIC 1,CAMC 12,HAMC 4,,"1=FA + 3 NF; NF 8=FB; NF 8=FC"
19 (S),08:42,4,W Nov 2X,heat,2,HWBC 4,TGSC 1,CLIC 2,NSHC 1,AWGC 1,HAMC 2,WELC 3,SKEC 1,,"1=FA + 3 NF; NF 8=FB; NF 8=FC"
20 (T),08:47,4,W Nov 2X,heat,3,MERC 1,CAMC 21,WKOC 1,HWBC 1,UNWC 1,WREC 4,TGAC 2,WELC 1,,"1=FA + 3 NF; NF 8=FB; NF 8=FC"
21 (U),08:52,4,W Nov 2X,heat,4,CLIC 3,STAC 2,COMC 1,SGEC 11,WREC 2,HWBC 3,HAMC 3,UNWC 3,,"1=FA + 3 NF; NF 8=FB; NF 8=FC"
22 (V),08:57,4,W Nov 2X,heat,5,SKEC 2,AWGC 2,WREC 3,HAMC 1,CAMC 11,STAC 1,UNWC 2,,,"1=FA + 3 NF; NF 8=FB; NF 8=FC"
23 (W),09:01,5E,M #2 Int 4X+,heat,1,,SKEC 3,CAMC 11,HAMC 1,SPCC 2,HWBC 1,STAC 1,KICC 2,,"2=FA + 2 NF"
24 (X),09:05,5E,M #2 Int 4X+,heat,2,,TGSC 2,STAC 2,SPCC 1,CAMC 21,SHAC 11,WANC 2,SKEC 1,,"2=FA + 2 NF"
25 (Y),09:09,5E,M #2 Int 4X+,heat,3,,SHAC 2,WANC 1,BPCC 1,TGBC 1,KICC 1,SKEC 2,,,"2=FA + 2 NF"
26 (Z),09:13,6,M Int 4X+,heat,1,SKEC 2,CAMC 1,SHAC 11,SPCC 2,AWGC 1,TGAC 1,STAC 1,WANC 2,,"1=FA; + 4 NF; NF 9=FB; etc"
27 (A),09:17,6,M Int 4X+,heat,2,ROT* 2,KICC 1,TAWC 1,GISC 1,WELC 1,STAC 2,HKIC 3,CAMC 11,,"1=FA; + 4 NF; NF 9=FB; etc"
28 (B),09:21,6,M Int 4X+,heat,3,STAC 3,HKIC 2,HAMC 1,SHAC 1,SPCC 1,MERC 2,CAMC 21,AKGC 1,,"1=FA; + 4 NF; NF 9=FB; etc"
29 (C),09:25,6,M Int 4X+,heat,4,HKIC 1,SKEC 1,BPCC 1,MERC 1,HWBC 1,WANC 1,TGSC 2,SJHM 1,,"1=FA; + 4 NF; NF 9=FB; etc"
30 (D),09:29,6,M Int 4X+,heat,5,,AKGC 2,WHAC 1,NSH* 1,TGSC 1,TGBC 1,KICC 2,SKEC 3,,"1=FA; + 4 NF; NF 9=FB; etc"
31 (E),09:34,7,M Nov 8+,heat,1,AKGC 2,CAMC 21,KICC 2,HWBC 1,CLIC 1,,,,,"1-3=F + 2 NF"
32 (F),09:39,7,M Nov 8+,heat,2,,STAC 1,TGBC 1,KICC 1,AKGC 1,,,,,"1-3=F + 2 NF"
33 (G),09:43,8,M Prm 1X,heat,1,,WKOC 5,CLIC 1,RNZX 2,,WKOC 1,WKOC 3,WKOC 6,,"1,2=FA + 3 NF; NF 9=FB"
34 (H),09:47,8,M Prm 1X,heat,2,,RPHN 2,NSHC 1,RNZX 4,RNZX 1,RPHN 1,RNZX 5,,,"1,2=FA + 3 NF; NF 9=FB"
35 (I),09:51,8,M Prm 1X,heat,3,,SGEC 1,TBJC 1,WKOC 2,RNZX 3,WKOC 4,NSHC 2,,,"1,2=FA + 3 NF; NF 9=FB"
36 (J),09:55,9,W Prm 1X,heat,1,RNZX 5,,WESC 1,RNZX 3,RNZX 2,WKOC 6,WKOC 3,WKOC 5,,"1..3=FA + 3 NF; NF 9=FB"
37 (K),09:59,9,W Prm 1X,heat,2,WKOC 7,WKOC 1,WKOC 4,RNZX 4,RNZX 1,WKOC 2,,RNZX 7,,"1..3=FA + 3 NF; NF 9=FB"
38 (L),10:03,10,M Snr 2-,heat,1,,WESC 2,WKOC 4,WKOC 5,STAC 1,WKOC 3,NSHC 1,AKLC 2,,"1..3=F + 3 NF"
39 (M),10:07,10,M Snr 2-,heat,2,,WKOC 2,AKLC 3,AKLC 1,NSHC 2,TGAC 1,WESC 1,WKOC 1,,"1..3=F + 3 NF"
40 (N),10:11,11,W Snr 2-,prelim,1,,WKDS 3,WANC 1,WKDS 2,NSHC 1,AKLC 1,WKDS 1,PETC 1,,""
41 (O),10:15,12,W Clb 8+,heat,1,,CAMC 21,WKOC 1,HAMC 1,AKLC 32,WKDS 1,COMC 1,EGGS 2,,"1..3=F + 3 NF"
42 (P),10:19,12,W Clb 8+,heat,2,,HAMG 1,EGGS 1,NSHC 1,SKEC 1,STAC 1,AKLC 31,,,"1..3=F + 3 NF"
43 (Q),10:23,13,W Int 2X,heat,1,ROTC 4,KICC 1,PORC 2,CLIC 1,EGGS 1,SPCC 1,WHAC 1,STAC 2,UNWC 3,"1=FA; + 2 NF; NF 9=FB; etc"
44 (R),10:27,13,W Int 2X,heat,2,CAMC 21,STAC 3,HKIC 3,TGSC 1,BPCC 1,HAMC 2,WELC 4,SKEC 2,ROTC 5,"1=FA; + 2 NF; NF 9=FB; etc"
45 (S),10:31,13,W Int 2X,heat,3,WANC 1,PORC 3,SPCC 2,GISC 1,WESC 1,TGSC 2,HKIC 2,ROTC 2,,"1=FA; + 2 NF; NF 9=FB; etc"
46 (T),10:35,13,W Int 2X,heat,4,WHAC 2,CLIC 3,GISC 2,ROTC 1,HWBC 1,UNWC 2,PORC 1,CAMC 11,,"1=FA; + 2 NF; NF 9=FB; etc"
47 (U),10:39,13,W Int 2X,heat,5,AWGC 1,CAMC 2,TGSC 3,UNWC 1,COMC 1,SKEC 1,WREC 4,WELC 3,,"1=FA; + 2 NF; NF 9=FB; etc"
48 (V),10:43,13,W Int 2X,heat,6,AKLC 31,WREC 1,CAMC 1,WELC 1,CLIC 2,TGAC 1,GISC 3,AWGC 2,,"1=FA; + 2 NF; NF 9=FB; etc"
49 (W),10:47,13,W Int 2X,heat,7,WREC 2,BPCC 2,HAMC 3,STAC 1,WELC 2,WREC 3,HWBC 2,HKIC 1,,"1=FA; + 2 NF; NF 9=FB; etc"
50 (X),10:52,14E,W #2 Nov 4+,heat,1,WKDS 1,PETC 1,,HAMG 1,AKLC 32,,,,,"1,2=F + 2 NF"
51 (Y),10:57,14E,W #2 Nov 4+,heat,2,AKLC 33,WKDS 2,NSHC 1,AKLC 34,CAMC 21,,,,,"1,2=F + 2 NF"
52 (Z),11:02,15,W Nov 4+,heat,1,CAMC 21,EGGS 1,WKDS 1,AKLC 32,HAMC 3,BPCC 1,,,,"1=FA; + 4 NF; NF 8=FB"
53 (A),11:07,15,W Nov 4+,heat,2,HWBC 1,HAMC 2,WESC 1,NSHC 1,STAC 1,WELC 1,,,,"1=FA; + 4 NF; NF 8=FB"
54 (B),11:12,15,W Nov 4+,heat,3,HAMC 4,PETC 1,AKLC 31,HAMG 1,EGGS 2,WREC 1,,,,"1=FA; + 4 NF; NF 8=FB"
55 (C),11:17,15,W Nov 4+,heat,4,EGGS 3,,HAMC 1,MERC 1,TGAC 1,HWBC 2,,,,"1=FA; + 4 NF; NF 8=FB"
56 (D),11:21,16,M Clb 4-,heat,1,,PORC 1,GISC 1,STAC 1,AKLC 1,WKOC 2,NSHC 3,,,"1..3=F + 3 NF"
57 (E),11:25,16,M Clb 4-,heat,2,,,HWBC 1,NSHC 1,WKOC 1,NSHC 2,AKLC 2,,,"1..3=F + 3 NF"
58 (F),11:29,17,M Clb 4+,heat,1,,CAMC 21,AKGC 1,KICC 2,KICC 1,AKGC 3,SKEC 1,GISC 1,,"1..3=F + 3 NF"
59 (G),11:33,17,M Clb 4+,heat,2,,KICC 3,STAC 1,SJHM 1,SKEC 2,TGBC 1,AKGC 2,PETC 1,,"1..3=F + 3 NF"
60 (H),11:37,18,M Int 8+,heat,1,STAC 1,AKGC 2,KICC 3,SKEC 1,KICC 2,SHAC 1,AKGC 1,SPCC 1,,"1..3=F + 3 NF"
61 (I),11:41,18,M Int 8+,heat,2,,KICC 4,HWBC 1,KICC 1,AKGC 3,MERC 1,SKEC 2,WANC 1,,"1..3=F + 3 NF"
62 (J),11:45,19,M Prm 2-,heat,1,,,RNZX 2,WKOC 2,AKLC 1,AKLC 2,RPHN 1,,,"1..3=F + 3 NF"
63 (K),11:49,19,M Prm 2-,heat,2,,,RNZX 1,,WKOC 1,RNZX 3,NSHC 2,,,"1..3=F + 3 NF"
64 (L),11:53,20,W Prm 2-,prelim,1,,RNZX 3,RPHN 1,RNZX 1,RNZX 2,WKOC 1,WKOC 2,WKOC 4,,""
65 (M),11:57,21,M Snr 2X,heat,1,,NSHC 1,SPCC 1,WKOC 2,SGEC 1,AWGC 1,CLIC 2,STAC 1,,"1..3=F + 3 NF"
66 (N),12:01,21,M Snr 2X,heat,2,,SHAC 11,TGAC 1,SPCC 2,CLIC 1,,WKOC 3,AWGC 2,,"1..3=F + 3 NF"
67 (O),12:05,22,W Snr 2X,prelim,1,,WKOC 1,WREC 1,STAC 1,WESC 2,AWGC 1,WKOC 2,HWBC 1,,""
68 (P),12:09,23,W Int 8X+,heat,1,SKEC 2,CAMC 11,WREC 1,AWGC 1,CLIC 1,TGSC 1,WKDS 1,GIS* 1,,"1..3=F + 3 NF"
69 (Q),12:13,23,W Int 8X+,heat,2,,TGSC 2,CAMC 21,MERC 1,BPCC 1,HAMC 1,SKEC 1,AKLC 31,,"1..3=F + 3 NF"
70 (R),12:18,24E,M #2 Nov 4X+,heat,1,SPCC 1,KICC 1,SKEC 1,CAMC 2,SHAC 11,,,,,"1=F + 3 NF"
71 (S),12:23,24E,M #2 Nov 4X+,heat,2,,HWBC 1,STAC 1,AKGC 2,CAMC 1,,,,,"1=F + 3 NF"
72 (T),12:28,24E,M #2 Nov 4X+,heat,3,,STAC 2,AWGC 1,TGBC 1,AKGC 1,,,,,"1=F + 3 NF"
73 (U),12:33,25,M Nov 4X+,heat,1,UNWC 2,AKGC 1,TGAC 1,CLIC 1,TGBC 1,SHAC 11,,,,"Fastest 8 to Each F"
74 (V),12:38,25,M Nov 4X+,heat,2,AKGC 2,BPC* 2,UNWC 1,CAMC 21,PORC 1,CLIC 3,,,,"Fastest 8 to Each F"
75 (W),12:43,25,M Nov 4X+,heat,3,KICC 1,SJHM 1,SKEC 1,AWGC 1,BPCC 1,HWBC 1,,,,"Fastest 8 to Each F"
76 (X),12:48,25,M Nov 4X+,heat,4,,WES* 1,WELC 1,WHAC 1,SKEC 2,TGSC 1,,,,"Fastest 8 to Each F"
77 (Y),12:53,25,M Nov 4X+,heat,5,,CLIC 2,MERC 1,AKGC 3,STAC 2,SPCC 2,,,,"Fastest 8 to Each F"
78 (Z),12:58,25,M Nov 4X+,heat,6,,ROT* 1,SPCC 1,STAC 1,CAMC 11,HAMC 1,,,,"Fastest 8 to Each F"
79 (A),13:02,26,W Clb 4X-,heat,1,,STAC 2,TAWC 1,COMC 1,WESC 1,WKO* 1,WREC 1,BPC* 2,,"1..3=F + 3 NF"
80 (B),13:06,26,W Clb 4X-,heat,2,,HAMC 1,ROTC 1,BPCC 1,AWGC 1,STAC 1,MERC 1,,,"1..3=F + 3 NF"
81 (C),13:10,27,W Clb 4X+,heat,1,,HAMG 2,CAMC 11,AKLC 31,SPCC 1,SKEC 1,GISC 1,,,"1,2=FA + 3 NF; NF 9=FB"
82 (D),13:14,27,W Clb 4X+,heat,2,,AKLC 32,ROTC 1,SPCC 2,KICC 1,AWGC 1,WELC 1,HAMG 3,,"1,2=FA + 3 NF; NF 9=FB"
83 (E),13:18,27,W Clb 4X+,heat,3,,CAMC 12,WANC 1,HKIC 1,BPCC 1,HAMC 1,HAMG 1,AKLC 33,,"1,2=FA + 3 NF; NF 9=FB"
84 (F),13:22,28,M Clb 1X,heat,1,WREC 1,HWBC 3,WANC 2,SGEC 3,HAMC 1,CLIC 3,SPCC 1,HKIC 2,WESC 2,"1=FA; + 3 NF; NF 9=FB; etc"
85 (G),13:26,28,M Clb 1X,heat,2,SJHM 1,SGEC 2,TGBC 1,HKIC 1,AWGC 1,TPOC 1,HAMC 3,STAC 3,AKLC 2,"1=FA; + 3 NF; NF 9=FB; etc"
86 (H),13:30,28,M Clb 1X,heat,3,WANC 1,WELC 3,TGSC 1,HWBC 2,SGEC 1,WHAC 1,AWGC 3,CAMC 11,TAWC 2,"1=FA; + 3 NF; NF 9=FB; etc"
87 (I),13:34,28,M Clb 1X,heat,4,CLIC 1,WKOC 2,MERC 1,CAMC 21,AKLC 1,WESC 1,HWBC 1,SHAC 1,HAMC 2,"1=FA; + 3 NF; NF 9=FB; etc"
88 (J),13:38,28,M Clb 1X,heat,5,STAC 2,HKIC 4,GISC 1,CLIC 2,WKOC 1,,WELC 1,PORC 2,MERC 3,"1=FA; + 3 NF; NF 9=FB; etc"
89 (K),13:42,28,M Clb 1X,heat,6,CAMC 1,CLIC 4,TGBC 2,AWGC 4,PORC 1,HKIC 3,MERC 2,WAIC 1,STAC 4,"1=FA; + 3 NF; NF 9=FB; etc"
90 (L),13:46,29,M Int 2X,heat,1,,BPCC 2,TGAC 2,SPCC 2,WKOC 1,AWGC 1,SJHM 2,CAMC 11,STAC 4,"1=FA; + 2 NF; NF 9=FB; etc"
91 (M),13:50,29,M Int 2X,heat,2,STAC 5,TGSC 3,WHAC 1,TGAC 1,TGBC 1,BPCC 1,GISC 3,HAMC 3,,"1=FA; + 2 NF; NF 9=FB; etc"
92 (N),13:54,29,M Int 2X,heat,3,WHAC 2,GISC 1,WANC 3,AKLC 1,,STAC 1,CAMC 1,WANC 2,,"1=FA; + 2 NF; NF 9=FB; etc"
93 (O),13:58,29,M Int 2X,heat,4,HWBC 1,PORC 1,SKEC 2,NSHC 1,SHAC 11,HKIC 3,TAWC 2,PETC 1,,"1=FA; + 2 NF; NF 9=FB; etc"
94 (P),14:02,29,M Int 2X,heat,5,KICC 1,GISC 2,SJHM 1,TGSC 2,SPCC 1,WELC 1,WANC 1,SKEC 1,,"1=FA; + 2 NF; NF 9=FB; etc"
95 (Q),14:06,29,M Int 2X,heat,6,SPCC 3,AWGC 2,HKIC 2,WESC 1,HAMC 1,CAMC 21,STAC 2,HWBC 2,,"1=FA; + 2 NF; NF 9=FB; etc"
96 (R),14:10,29,M Int 2X,heat,7,HKIC 1,STAC 3,CAMC 2,WELC 2,TGSC 1,TAWC 1,HAMC 2,UNWC 1,,"1=FA; + 2 NF; NF 9=FB; etc"
97 (S),14:15,30A,M Prm 2X,prelim,1,RNZX 1,,RPHN 1,WKOC 1,,,,,,""
97 (S),14:15,30B,W Prm 2X,prelim,1,,,,,,RNZX 3,RNZX 4,,WKOC 2,""
98 (T),14:20,31,W Nov 8X+,heat,1,AKLC 32,BPCC 1,WKDS 1,COMC 1,CAMC 21,,,,,"2=FA + 2 NF; NF=FB"
99 (U),14:25,31,W Nov 8X+,heat,2,UNWC 1,COMC 2,AWGC 1,MERC 1,HWBC 1,,,,,"2=FA + 2 NF; NF=FB"
100 (V),14:30,31,W Nov 8X+,heat,3,,CAMC 22,HAMC 1,SKEC 1,AKLC 31,,,,,"2=FA + 2 NF; NF=FB"
101 (W),14:34,32,W Int 8+,heat,1,WREC 1,CAMC 21,SKEC 1,EGGS 2,EGGS 1,CAMC 11,MERC 1,KIC* 1,STAC 1,"1..3=F + 3 NF"
102 (X),14:38,32,W Int 8+,heat,2,EGGS 3,COMC 1,WKDS 1,HAMC 1,PORC 1,AKLC 31,CAMC 22,WEL* 1,,"1..3=F + 3 NF"
103 (Y),14:42,33A,M Snr 4X-,prelim,1,,TGB* 1,WKOC 2,TGA* 1,WKOC 1,CLIC 1,AWGC 1,SGE* 1,,""
104 (Z),14:46,33B,Mx Opn 4X-,prelim,1,,CAMC 1,,,,,,,,""
104 (Z),14:46,33C,W Snr 4X-,prelim,1,,,,AWGC 2,STA* 1,WKOC 3,WESC 1,WKOC 4,,""
105 (A),14:50,34,W Clb 2-,heat,1,,SPCC 1,TGAC 1,STAC 1,NSHC 1,MERC 1,EGGS 2,HAMC 1,,"1=FA + 5 NF; NF 9=FB"
106 (B),14:54,34,W Clb 2-,heat,2,WESC 1,GISC 1,AKLC 1,EGGS 1,WKDS 1,NSHC 2,HAMC 2,CAMC 22,,"1=FA + 5 NF; NF 9=FB"
107 (C),14:58,34,W Clb 2-,heat,3,,WELC 1,MERC 2,AKLC 31,WKOC 1,WKDS 2,NSHC 4,EGGS 3,,"1=FA + 5 NF; NF 9=FB"
108 (D),15:02,34,W Clb 2-,heat,4,,CAMC 21,PETC 1,NSHC 3,WANC 1,,SKEC 1,AKLC 32,,"1=FA + 5 NF; NF 9=FB"
109 (E),15:06,35,M Clb 8+,heat,1,,AKGC 2,SGE* 1,KICC 1,NSHC 1,AKLC 1,SKEC 1,,,"1..3=F + 3 NF"
110 (F),15:10,35,M Clb 8+,heat,2,,PETC 1,AKGC 3,HWBC 1,WKOC 1,SJHM 1,AKGC 1,,,"1..3=F + 3 NF"
111 (G),15:15,36E,M #2 Nov 4+,prelim,1,,STAC 1,KICC 1,SJHM 1,STAC 2,,,,,""
112 (H),15:20,37,M Nov 4+,heat,1,HAMC 1,TGBC 2,KICC 1,TGAC 1,MERC 1,SPCC 1,,,,"2=FA + 2 NF; rest=FB"
113 (I),15:25,37,M Nov 4+,heat,2,HWBC 1,SJHM 1,AKGC 1,KICC 2,WELC 1,CLIC 1,,,,"2=FA + 2 NF; rest=FB"
114 (J),15:30,37,M Nov 4+,heat,3,STAC 1,CAMC 21,TGBC 1,WES* 1,PORC 1,,,,,"2=FA + 2 NF; rest=FB"
115 (K),15:35,38A,M Prm 4-,prelim,1,,RNZX 1,AVN* 1,,,,,,,""
115 (K),15:35,38B,W Prm 4-,prelim,1,,,,,RNZX 3,WKO* 1,,,,""
116 (L),15:39,39,M Int 8X+,heat,1,,TGSC 1,STAC 1,HAMC 1,TGBC 1,SKEC 1,HKIC 1,WANC 1,,"1..3=F + 3 NF"
117 (M),15:43,39,M Int 8X+,heat,2,,SPCC 1,KICC 1,BPCC 1,SHAC 1,WHAC 1,SKEC 2,CAMC 21,,"1..3=F + 3 NF"
118 (N),15:48,40,W Nov 8+,heat,1,CAMC 22,COMC 1,AKLC 31,WKDS 1,HAMG 1,CLIC 1,,,,"2=FA + 2 NF; rest=FB"
119 (O),15:53,40,W Nov 8+,heat,2,HAMC 1,WKDS 2,NSHC 1,HWBC 1,AKLC 32,,,,,"2=FA + 2 NF; rest=FB"
120 (P),15:58,40,W Nov 8+,heat,3,WRE* 1,PETC 1,EGGS 1,CAMC 21,COMC 2,,,,,"2=FA + 2 NF; rest=FB"
121 (Q),16:02,41A,M Snr 4-,prelim,1,WKOC 1,NSHC 2,WESC 1,NSHC 1,AKLC 3,WKOC 3,AKLC 2,WKOC 2,,""
122 (R),16:06,41B,W Snr 4-,prelim,1,,,WKOC 5,AKLC 1,WKOC 4,WKDS 1,,,,""
123 (S),16:10,42,W Clb 1X,heat,1,,CAMC 11,WREC 1,WHAC 1,PORC 1,STAC 1,GISC 1,EGGS 2,,"1=FA; + 4 NF; NF 9=FB; etc"
124 (T),16:14,42,W Clb 1X,heat,2,PETC 1,WELC 1,WTMC 1,TGAC 1,ROTC 1,WKOC 2,WKDS 1,SPCC 2,,"1=FA; + 4 NF; NF 9=FB; etc"
125 (U),16:18,42,W Clb 1X,heat,3,,EGGS 1,HWBC 2,,WKOC 1,WREC 2,HKIC 2,BPCC 2,,"1=FA; + 4 NF; NF 9=FB; etc"
126 (V),16:22,42,W Clb 1X,heat,4,,TGAC 2,HKIC 1,ROTC 2,HWBC 1,CLIC 1,AWGC 1,,,"1=FA; + 4 NF; NF 9=FB; etc"
127 (W),16:26,42,W Clb 1X,heat,5,,GISC 2,WHAC 2,KICC 1,WESC 1,TAWC 2,BPCC 1,WREC 3,,"1=FA; + 4 NF; NF 9=FB; etc"
128 (X),16:30,43,M Clb 4X-,heat,1,NSHC 1,SGEC 2,WESC 1,AWGC 1,WKOC 1,SHAC 1,STAC 1,PORC 1,,"1..3=F + 3 NF"
129 (Y),16:34,43,M Clb 4X-,heat,2,,,WKOC 2,SGE* 1,HWBC 1,CLIC 1,HAMC 1,WREC 1,,"1..3=F + 3 NF"
130 (Z),16:40,44,M Clb 4X+,heat,1,WELC 1,NSHC 1,AKGC 1,WANC 2,CAMC 21,GISC 1,WAI* 1,STAC 2,,"1,2=FA + 3 NF; NF 9=FB"
131 (A),16:44,44,M Clb 4X+,heat,2,,WANC 3,SKEC 1,GISC 2,AWGC 1,TGBC 1,HKIC 2,CAMC 11,,"1,2=FA + 3 NF; NF 9=FB"
132 (B),16:48,44,M Clb 4X+,heat,3,,CAMC 22,KICC 1,SPCC 1,WANC 1,STAC 1,TGB* 2,HKIC 1,,"1,2=FA + 3 NF; NF 9=FB"
133 (C),16:52,45E,W #2 Int 4X+,heat,1,SKEC 1,TGSC 4,WREC 2,HAMC 1,BPCC 2,AWGC 1,TGSC 3,PORC 1,,"1,2=FA + 3 NF; NF 9=FB"
134 (D),16:56,45E,W #2 Int 4X+,heat,2,,CAMC 21,TGSC 2,MERC 1,AKLC 31,ROTC 1,BPCC 1,COMC 1,,"1,2=FA + 3 NF; NF 9=FB"
135 (E),17:00,45E,W #2 Int 4X+,heat,3,,ROTC 2,STAC 1,TGSC 1,HAMG 1,WREC 1,CAMC 11,AKLC 32,,"1,2=FA + 3 NF; NF 9=FB"
136 (F),17:04,46,W Int 4X+,heat,1,WELC 2,PORC 1,TAWC 1,BPCC 2,AKLC 31,WREC 2,HAMC 1,EGGS 1,,"1=FA; + 4 NF; NF 9=FB; etc"
137 (G),17:08,46,W Int 4X+,heat,2,BPCC 1,AWGC 1,MERC 1,SPCC 1,CLIC 1,CAMC 21,WREC 1,UNW* 2,,"1=FA; + 4 NF; NF 9=FB; etc"
138 (H),17:12,46,W Int 4X+,heat,3,KICC 2,STAC 1,CAMC 11,WESC 1,HAMG 1,ROTC 1,TGSC 2,SKEC 1,,"1=FA; + 4 NF; NF 9=FB; etc"
139 (I),17:16,46,W Int 4X+,heat,4,WREC 3,CAMC 1,UNWC 1,WANC 1,TGSC 1,HAMC 3,WHAC 1,KIC* 1,,"1=FA; + 4 NF; NF 9=FB; etc"
140 (J),17:20,46,W Int 4X+,heat,5,WKDS 1,COMC 1,WELC 1,CAMC 2,GISC 1,CLIC 2,HKIC 1,,,"1=FA; + 4 NF; NF 9=FB; etc"
141 (K),17:25,47A,M Prm 4X-,prelim,1, - - CANCELLED - -,,,,,,,,,""
141 (K),17:25,47B,W Prm 4X-,prelim,1, - - CANCELLED - -,,,,,,,,,""
142 (L),17:29,48,M Int 4+,heat,1,AKGC 2,HWBC 1,SKEC 4,CAMC 21,SKEC 1,KICC 1,AKGC 3,WELC 1,STAC 3,"1,2=FA + 3 NF; NF 9=FB"
143 (M),17:33,48,M Int 4+,heat,2,STAC 2,AKGC 5,SJHM 1,AKGC 1,MERC 1,SKEC 2,KICC 3,PETC 1,,"1,2=FA + 3 NF; NF 9=FB"
144 (N),17:37,48,M Int 4+,heat,3,SJHM 2,SKEC 3,AKGC 4,KICC 2,AKL* 1,MERC 2,TGBC 1,STAC 1,,"1,2=FA + 3 NF; NF 9=FB"

DAY 2: Saturday 24th January 2026
Race,Time,Event #,Event Type,Round,Division,lane_1,lane_2,lane_3,lane_4,lane_5,lane_6,lane_7,lane_8,lane_9,Progression
145 (A),07:30,41C,Opn 1X (P) [1000m],prelim,1,,,HWBC 1,ROTC 1,CAMC 1,TGSC 1,CAMC 2,,,""
146 (B),07:34,49,M Nov 8X+,heat,1,BPC* 1,UNWC 1,SKEC 1,AKGC 1,TGBC 1,KICC 1,,,,"2=FA + 2 NF; rest=FB"
147 (C),07:39,49,M Nov 8X+,heat,2,SPCC 1,SHAC 1,AKGC 2,CAMC 21,AWGC 1,,,,,"2=FA + 2 NF; rest=FB"
148 (D),07:43,50,M Snr 1X,heat,1,SPCC 2,WESC 1,SHAC 1,AWGC 2,HAMC 1,TGAC 2,BPCC 1,SPCC 4,HWBC 1,"1,2=FA + 3 NF; NF 9=FB"
149 (E),07:47,50,M Snr 1X,heat,2,WHAC 1,SPCC 3,TBJC 1,TGAC 1,SPCC 1,AWGC 3,WELC 1,SGEC 2,WESC 3,"1,2=FA + 3 NF; NF 9=FB"
150 (F),07:51,50,M Snr 1X,heat,3,TGAC 3,SGEC 1,TPOC 1,WKOC 1,AWGC 1,LHOC 1,TGBC 1,WESC 2,SPCC 5,"1,2=FA + 3 NF; NF 9=FB"
151 (G),07:55,51,W Snr 1X,heat,1,,STAC 1,HWBC 1,WKOC 1,WESC 1,PETC 1,NSHC 2,,,"1..3=F + 3 NF"
152 (H),07:59,51,W Snr 1X,heat,2,,,AKLC 1,AWGC 1,PORC 1,NSHC 1,HKIC 1,,,"1..3=F + 3 NF"
153 (I),08:03,52,W Clb 4-,prelim,1,NSHC 2,WKOC 1,STAC 1,MERC 1,BPCC 1,NSHC 1,HAMC 1,STAC 2,WELC 1,""
154 (J),08:07,53,W Clb 4+,heat,1,WKDS 3,SKEC 1,AKLC 32,WANC 2,EGGS 1,HAMC 1,CAMC 21,HAMG 2,,"1..3=F + 3 NF"
155 (K),08:11,53,W Clb 4+,heat,2,AKLC 33,GISC 1,WKDS 1,WKDS 2,WANC 1,AKLC 31,HAMG 1,EGGS 2,,"1..3=F + 3 NF"
156 (L),08:15,54,M Clb 2-,heat,1,,KICC 1,NSHC 2,HWBC 2,HAMC 1,NSHC 5,PETC 1,STAC 2,,"1=FA; + 5 NF; NF 9=FB; etc"
157 (M),08:19,54,M Clb 2-,heat,2,,PETC 2,STAC 1,WESC 1,NSHC 3,AWGC 1,SKEC 2,SJHM 2,,"1=FA; + 5 NF; NF 9=FB; etc"
158 (N),08:23,54,M Clb 2-,heat,3,,STAC 3,SKEC 1,NSHC 4,AKLC 1,WKOC 1,SJHM 1,CAMC 21,,"1=FA; + 5 NF; NF 9=FB; etc"
159 (O),08:27,54,M Clb 2-,heat,4,,CAMC 22,HWBC 1,TGBC 1,NSHC 1,WREC 1,STAC 4,TGBC 2,,"1=FA; + 5 NF; NF 9=FB; etc"
160 (P),08:31,55,W Int 1X,heat,1,UNWC 2,HWBC 3,WREC 3,HKIC 2,TGAC 1,WELC 1,HAMC 2,CAMC 21,,"1=FA; + 3 NF; NF 9=FB; etc"
161 (Q),08:35,55,W Int 1X,heat,2,SPCC 2,MERC 1,ROTC 1,WHAC 1,HAMG 1,HWBC 2,CAMC 1,GISC 1,,"1=FA; + 3 NF; NF 9=FB; etc"
162 (R),08:39,55,W Int 1X,heat,3,,GISC 3,AWGC 2,WESC 1,CAMC 2,UNWC 1,SPCC 1,NSHC 1,,"1=FA; + 3 NF; NF 9=FB; etc"
163 (S),08:43,55,W Int 1X,heat,4,ROTC 3,WELC 4,BPCC 1,HWBC 1,WREC 1,HKIC 1,,STAC 1,,"1=FA; + 3 NF; NF 9=FB; etc"
164 (T),08:47,55,W Int 1X,heat,5,BPCC 2,CAMC 11,HKIC 3,WREC 2,WKOC 1,PORC 2,HAMC 3,WHAC 2,,"1=FA; + 3 NF; NF 9=FB; etc"
165 (U),08:51,55,W Int 1X,heat,6,WREC 5,PORC 1,WKDS 1,ROTC 2,HAMC 1,WREC 4,HKIC 4,,,"1=FA; + 3 NF; NF 9=FB; etc"
166 (V),08:56,56E,W #2 Nov 4X+,heat,1,CAMC 21,AKLC 32,NSHC 1,BPCC 1,AWGC 1,,,,,"1=FA + 3 NF; NF 6=FB"
167 (W),09:01,56E,W #2 Nov 4X+,heat,2,HWBC 1,COMC 1,SKEC 1,HAMC 1,AKLC 31,,,,,"1=FA + 3 NF; NF 6=FB"
168 (X),09:06,56E,W #2 Nov 4X+,heat,3,AKLC 33,HWBC 2,MERC 1,,HAMG 1,,,,,"1=FA + 3 NF; NF 6=FB"
169 (Y),09:11,57,W Nov 4X+,heat,1,WELC 1,ROTC 1,SKEC 1,AWGC 1,HAMC 2,UNWC 1,,,,"Fastest 8 to Each F"
170 (Z),09:16,57,W Nov 4X+,heat,2,CLIC 2,WREC 1,HAMC 1,WESC 1,CAMC 2,WKDS 1,,,,"Fastest 8 to Each F"
171 (A),09:21,57,W Nov 4X+,heat,3,,BPCC 2,TGAC 1,NSHC 1,WREC 2,EGGS 1,,,,"Fastest 8 to Each F"
172 (B),09:26,57,W Nov 4X+,heat,4,,HAMC 4,CAMC 1,HAMG 1,CLIC 1,PETC 2,,,,"Fastest 8 to Each F"
173 (C),09:31,57,W Nov 4X+,heat,5,,UNWC 2,PETC 1,STAC 1,ROT* 2,HAMC 3,,,,"Fastest 8 to Each F"
174 (D),09:36,57,W Nov 4X+,heat,6,,WEL* 2,CAMC 11,AKLC 31,MERC 1,HWBC 1,,,,"Fastest 8 to Each F"
175 (E),09:40,58,M Int 1X,heat,1,TAWC 2,STAC 4,SJHM 1,AWGC 4,TGBC 1,HKIC 1,HWBC 3,SKEC 1,HAMC 3,"1=FA; + 3 NF; NF 9=FB; etc"
176 (F),09:44,58,M Int 1X,heat,2,UNWC 2,AWGC 3,TGBC 2,WREC 2,HAMC 1,BPCC 2,SGEC 1,PORC 1,GISC 3,"1=FA; + 3 NF; NF 9=FB; etc"
177 (G),09:48,58,M Int 1X,heat,3,TGAC 3,HWBC 1,MERC 1,HAMC 2,,WREC 1,CAMC 2,WANC 1,HKIC 2,"1=FA; + 3 NF; NF 9=FB; etc"
178 (H),09:52,58,M Int 1X,heat,4,HWBC 2,TGSC 1,CAMC 11,GISC 2,TAWC 1,AWGC 2,STAC 1,BPCC 1,TGAC 4,"1=FA; + 3 NF; NF 9=FB; etc"
179 (I),09:56,58,M Int 1X,heat,5,PORC 2,SJHM 2,,BPCC 3,CAMC 21,STAC 2,KICC 1,SPCC 2,HWBC 4,"1=FA; + 3 NF; NF 9=FB; etc"
180 (J),10:00,58,M Int 1X,heat,6,STAC 3,UNWC 1,CAMC 1,SPCC 1,AWGC 1,GISC 1,TGAC 2,WESC 1,,"1=FA; + 3 NF; NF 9=FB; etc"
181 (K),10:05,59,M Nov 2X,heat,1,AKGC 1,WESC 1,CAMC 11,HKIC 1,HWBC 1,MERC 2,CLIC 2,TGAC 2,,"Fastest 8 to Each F"
182 (L),10:10,59,M Nov 2X,heat,2,PORC 2,AWGC 3,UNWC 2,STAC 3,SPCC 1,NSHC 2,BPCC 2,HAMC 3,,"Fastest 8 to Each F"
183 (M),10:15,59,M Nov 2X,heat,3,SKEC 2,KICC 1,BPCC 3,TGAC 1,CLIC 1,UNWC 1,STAC 1,TGSC 1,,"Fastest 8 to Each F"
184 (N),10:20,59,M Nov 2X,heat,4,AKGC 2,WELC 1,STAC 2,CLIC 3,WHAC 1,HWBC 2,,NSHC 1,,"Fastest 8 to Each F"
185 (O),10:25,59,M Nov 2X,heat,5,STAC 4,BPCC 1,,MERC 1,SHAC 1,CAMC 21,HAMC 1,PORC 1,,"Fastest 8 to Each F"
186 (P),10:30,59,M Nov 2X,heat,6,CLIC 4,AWGC 1,HAMC 2,ROTC 1,CAMC 13,WHAC 2,HWBC 3,WANC 1,,"Fastest 8 to Each F"
187 (Q),10:35,60A,M Opn 8+,heat,1,,,NSHC 11,WKOC 1,WKO* 4,KICC 1,AKGC 2,,,"1..3=F + 3 NF"
188 (R),10:39,60A,M Opn 8+,heat,2,,NSHC 2,SGE* 1,WKO* 3,NSHC 1,AKGC 1,KICC 2,,,"1..3=F + 3 NF"
189 (S),10:43,60B,Mx Opn 8+,prelim,1, - - CANCELLED - -,,,,,,,,,""
189 (S),10:43,60C,W Opn 8+,prelim,1,,,,WKOC 5,WKO* 6,WKDS 1,WKDS 2,WKO* 2,NSHC 3,""
190 (T),11:10,1C,Opn 2X (P) [1000m],final,A,TGSC 1,PETC 1,CAMC 1,,,,,,,""

DAY 3: Sunday 25th January 2026
Race,Time,Event #,Event Type,Round,Division,lane_1,lane_2,lane_3,lane_4,lane_5,lane_6,lane_7,lane_8,lane_9,Progression
283 (L),07:00,41C,Opn 1X (P) [1000m],final,A, - - CANCELLED - -,,,,,,,,,""
192 (B),07:02,1,W Clb 2X,final,A,HWBC 1,AWGC 1,SPCC 1,COMC 1,STAC 3,WKOC 1,STAC 1,WESC 1,TGAC 1,"medals"
193 (C),07:08,2,M Clb 2X,final,A,SPCC 1,AWGC 2,WKOC 1,AWGC 1,CLIC 2,WESC 1,HKIC 1,TGBC 1,HAMC 1,"medals"
194 (D),07:14,3,W Int 4+,final,A,HAMC 1,WKDS 1,WKDS 2,CAMC 21,WANC 1,AKLC 31,HAMG 2,BPCC 1,AKLC 32,"medals"
195 (E),07:20,4,W Nov 2X,final,A,TGAC 1,SGEC 11,HAMC 1,WESC 1,NSHC 1,HWBC 1,SKEC 1,WREC 2,,"medals"
196 (F),07:26,5E,M #2 Int 4X+,final,A,STAC 2,SKEC 1,HWBC 1,TGBC 1,SPCC 1,SPCC 2,KICC 1,WANC 1,SKEC 2,"medals"
197 (G),07:32,6,M Int 4X+,final,A,SKEC 2,SHAC 1,TGSC 1,SPCC 1,HWBC 1,AWGC 1,KICC 1,SPCC 2,TGBC 1,"medals"
198 (H),07:38,7,M Nov 8+,final,A,STAC 1,HWBC 1,AKGC 1,CLIC 1,KICC 1,KICC 2,TGBC 1,AKGC 2,CAMC 21,"medals"
199 (I),07:44,8,M Prm 1X,final,A,CLIC 1,RNZX 3,WKOC 1,RNZX 2,WKOC 2,RNZX 1,RPHN 2,RNZX 5,NSHC 1,"medals"
200 (J),07:50,9,W Prm 1X,final,A,WESC 1,WKOC 2,RNZX 4,RNZX 1,RNZX 5,WKOC 6,RNZX 3,WKOC 1,WKOC 4,"medals"
201 (K),07:56,10,M Snr 2-,final,A,WESC 1,WKOC 2,AKLC 1,NSHC 2,NSHC 1,WKOC 3,WESC 2,WKOC 1,WKOC 4,"medals"
202 (L),08:00,12,W Clb 8+,final,B,,COMC 1,CAMC 21,,STAC 1,EGGS 2,,,,""
203 (M),08:04,12,W Clb 8+,final,A,AKLC 32,NSHC 1,EGGS 1,AKLC 31,HAMC 1,WKOC 1,WKDS 1,SKEC 1,HAMG 1,"medals"
204 (N),08:10,13,W Int 2X,final,A,WANC 1,TGAC 1,HWBC 1,TGSC 1,CLIC 1,WESC 1,COMC 1,WREC 2,CAMC 21,"medals"
205 (O),08:16,14E,W #2 Nov 4+,final,A,AKLC 33,HAMG 1,AKLC 32,WKDS 1,WKDS 2,NSHC 1,PETC 1,AKLC 34,,"medals"
206 (P),08:22,15,W Nov 4+,final,A,CAMC 21,WESC 1,AKLC 31,WKDS 1,NSHC 1,HAMC 1,EGGS 1,HWBC 1,,"medals"
207 (Q),08:28,16,M Clb 4-,final,A,WKOC 2,WKOC 1,HWBC 1,NSHC 1,STAC 1,AKLC 1,GISC 1,NSHC 2,AKLC 2,"medals"
208 (R),08:34,17,M Clb 4+,final,A,SKEC 2,,KICC 3,SJHM 1,KICC 1,AKGC 1,KICC 2,STAC 1,,"medals"
209 (S),08:38,18,M Int 8+,final,B,STAC 1,KICC 3,AKGC 2,SPCC 1,SKEC 1,,WANC 1,,,""
210 (T),08:42,18,M Int 8+,final,A,MERC 1,SKEC 2,AKGC 3,KICC 1,SHAC 1,AKGC 1,KICC 2,HWBC 1,,"medals"
211 (U),08:48,19,M Prm 2-,final,A,NSHC 2,WKOC 1,RNZX 3,RNZX 1,RNZX 2,RPHN 1,WKOC 2,AKLC 1,,"medals"
212 (V),08:54,21,M Snr 2X,final,A,NSHC 1,SHAC 11,TGAC 1,CLIC 1,SGEC 1,SPCC 1,AWGC 1,WKOC 2,WKOC 3,"medals"
213 (W),08:58,23,W Int 8X+,final,B,GIS* 1,TGSC 2,SKEC 2,CAMC 21,WKDS 1,SKEC 1,CAMC 11,,,""
214 (X),09:02,23,W Int 8X+,final,A,MERC 1,BPCC 1,AKLC 31,HAMC 1,WREC 1,AWGC 1,CLIC 1,TGSC 1,,"medals"
215 (Y),09:08,24E,M #2 Nov 4X+,final,A,STAC 1,HWBC 1,CAMC 1,SKEC 1,AWGC 1,AKGC 1,KICC 1,SPCC 1,,"medals"
216 (Z),09:14,25,M Nov 4X+,final,A,AWGC 1,CAMC 21,CLIC 1,TGAC 1,AKGC 1,WHAC 1,SKEC 1,HWBC 1,,"medals"
217 (A),09:20,26,W Clb 4X-,final,A,WKO* 1,ROTC 1,AWGC 1,HAMC 1,WESC 1,COMC 1,TAWC 1,BPCC 1,STAC 1,"medals"
218 (B),09:26,27,W Clb 4X+,final,A,AKLC 31,CAMC 12,SPCC 1,AKLC 32,CAMC 11,BPCC 1,KICC 1,GISC 1,SKEC 1,"medals"
219 (C),09:32,28,M Clb 1X,final,A,CLIC 2,PORC 1,AKLC 1,HKIC 1,HAMC 1,TAWC 2,WKOC 1,GISC 1,SGEC 3,"medals"
220 (D),09:38,29,M Int 2X,final,A,TGBC 1,HAMC 1,SHAC 11,BPCC 1,WKOC 1,GISC 1,WANC 1,TAWC 1,AWGC 1,"medals"
221 (E),09:43,31,W Nov 8X+,final,B,,BPCC 1,CAMC 21,CAMC 22,,HAMC 1,,,,""
222 (F),09:48,31,W Nov 8X+,final,A,HWBC 1,UNWC 1,AKLC 32,SKEC 1,AWGC 1,AKLC 31,WKDS 1,COMC 2,,"medals"
223 (G),09:52,32,W Int 8+,final,B,EGGS 3,HAMC 1,SKEC 1,STAC 1,WREC 1,CAMC 11,CAMC 22,WEL* 1,,""
224 (H),09:56,32,W Int 8+,final,A,MERC 1,COMC 1,WKDS 1,AKLC 31,CAMC 21,KIC* 1,EGGS 2,EGGS 1,PORC 1,"medals"
225 (I),10:02,34,W Clb 2-,final,A,WKDS 2,AKLC 31,WANC 1,EGGS 1,HAMC 1,WKOC 1,MERC 1,SKEC 1,NSHC 3,"medals"
226 (J),10:06,35,M Clb 8+,final,B,,,AKGC 3,,PETC 1,,,,,""
227 (K),10:10,35,M Clb 8+,final,A,KICC 1,NSHC 1,AKGC 2,SGE* 1,WKOC 1,HWBC 1,SJHM 1,SKEC 1,AKLC 1,"medals"
228 (L),10:16,37,M Nov 4+,final,A,SPCC 1,AKGC 1,TGBC 1,KICC 1,SJHM 1,KICC 2,WELC 1,CAMC 21,,"medals"
229 (M),10:20,39,M Int 8X+,final,B,,WANC 1,KICC 1,CAMC 21,HKIC 1,STAC 1,TGSC 1,,,""
230 (N),10:24,39,M Int 8X+,final,A,SHAC 1,BPCC 1,SKEC 2,SPCC 1,TGBC 1,HAMC 1,SKEC 1,WHAC 1,,"medals"
231 (O),10:29,40,W Nov 8+,final,B,CLIC 1,WRE* 1,HAMG 1,WKDS 2,PETC 1,CAMC 22,HAMC 1,COMC 2,,""
232 (P),10:34,40,W Nov 8+,final,A,COMC 1,EGGS 1,CAMC 21,NSHC 1,WKDS 1,AKLC 31,HWBC 1,AKLC 32,,"medals"
233 (Q),10:38,42,W Clb 1X,final,A,BPCC 1,WREC 2,HWBC 1,WKOC 2,CAMC 11,WKOC 1,KICC 1,WESC 1,ROTC 2,"medals"
234 (R),10:42,43,M Clb 4X-,final,A,SHAC 1,CLIC 1,HWBC 1,SGE* 1,WKOC 1,AWGC 1,WESC 1,STAC 1,WREC 1,"medals"
235 (S),10:46,44,M Clb 4X+,final,A,HKIC 1,CAMC 22,WANC 2,AWGC 1,CAMC 21,WANC 1,TGBC 1,SPCC 1,KICC 1,"medals"
236 (T),10:50,45E,W #2 Int 4X+,final,A, - - CANCELLED - -,,,,,,,,,"medals"
237 (U),10:54,46,W Int 4X+,final,A, - - CANCELLED - -,,,,,,,,,"medals"
238 (V),10:58,48,M Int 4+,final,A, - - CANCELLED - -,,,,,,,,,"medals"
239 (W),11:03,49,M Nov 8X+,final,B, - - CANCELLED - -,,,,,,,,,""
240 (X),11:08,49,M Nov 8X+,final,A, - - CANCELLED - -,,,,,,,,,"medals"
241 (Y),11:14,50,M Snr 1X,final,A, - - CANCELLED - -,,,,,,,,,"medals"
242 (Z),11:20,51,W Snr 1X,final,A, - - CANCELLED - -,,,,,,,,,"medals"
243 (A),11:26,53,W Clb 4+,final,A, - - CANCELLED - -,,,,,,,,,"medals"
244 (B),11:32,54,M Clb 2-,final,A, - - CANCELLED - -,,,,,,,,,"medals"
245 (C),11:38,55,W Int 1X,final,A, - - CANCELLED - -,,,,,,,,,"medals"
246 (D),11:44,56E,W #2 Nov 4X+,final,A, - - CANCELLED - -,,,,,,,,,"medals"
247 (E),11:50,57,W Nov 4X+,final,A, - - CANCELLED - -,,,,,,,,,"medals"
248 (F),11:56,58,M Int 1X,final,A, - - CANCELLED - -,,,,,,,,,"medals"
249 (G),12:02,59,M Nov 2X,final,A, - - CANCELLED - -,,,,,,,,,"medals"
250 (H),12:08,60A,M Opn 8+,final,B, - - REMOVED - -,,,,,,,,,""
251 (I),12:14,60A,M Opn 8+,final,A, - - CANCELLED - -,,,,,,,,,"medals"
252 (J),12:20,11,W Snr 2-,final,A, - - CANCELLED - -,,,,,,,,,""
253 (K),12:26,20,W Prm 2-,final,A, - - CANCELLED - -,,,,,,,,,""
254 (L),12:32,22,W Snr 2X,final,A, - - CANCELLED - -,,,,,,,,,""
255 (M),12:44,30A,M Prm 2X,final,A, - - CANCELLED - -,,,,,,,,,""
255 (M),12:44,30B,W Prm 2X,final,A, - - CANCELLED - -,,,,,,,,,""
256 (N),12:50,33A,M Snr 4X-,final,A, - - CANCELLED - -,,,,,,,,,""
257 (O),13:02,33B,Mx Opn 4X-,final,A, - - CANCELLED - -,,,,,,,,,""
257 (O),13:02,33C,W Snr 4X-,final,A, - - CANCELLED - -,,,,,,,,,""
258 (P),13:08,36E,M #2 Nov 4+,final,A, - - CANCELLED - -,,,,,,,,,""
259 (Q),13:14,38A,M Prm 4-,final,A, - - CANCELLED - -,,,,,,,,,""
259 (Q),13:14,38B,W Prm 4-,final,A, - - CANCELLED - -,,,,,,,,,""
260 (R),13:20,41A,M Snr 4-,final,A, - - CANCELLED - -,,,,,,,,,"medals"
261 (S),13:32,41B,W Snr 4-,final,A, - - CANCELLED - -,,,,,,,,,""
262 (T),13:38,47A,M Prm 4X-,final,A, - - CANCELLED - -,,,,,,,,,""
262 (T),13:38,47B,W Prm 4X-,final,A, - - CANCELLED - -,,,,,,,,,""
263 (U),14:02,52,W Clb 4-,final,A, - - CANCELLED - -,,,,,,,,,""
264 (V),14:32,60B,Mx Opn 8+,final,A, - - CANCELLED - -,,,,,,,,,""
264 (V),14:32,60C,W Opn 8+,final,A, - - CANCELLED - -,,,,,,,,,""
266 (W),15:00,1,W Clb 2X,final,D, - - CANCELLED - -,,,,,,,,,""
267 (X),15:06,1,W Clb 2X,final,C, - - CANCELLED - -,,,,,,,,,""
268 (Y),15:12,1,W Clb 2X,final,B, - - CANCELLED - -,,,,,,,,,""
269 (Z),15:18,2,M Clb 2X,final,D, - - CANCELLED - -,,,,,,,,,""
270 (A),15:24,2,M Clb 2X,final,C, - - CANCELLED - -,,,,,,,,,""
271 (B),15:30,2,M Clb 2X,final,B, - - CANCELLED - -,,,,,,,,,""
272 (C),15:36,3,W Int 4+,final,C, - - CANCELLED - -,,,,,,,,,""
273 (D),15:42,3,W Int 4+,final,B, - - CANCELLED - -,,,,,,,,,""
274 (E),15:48,4,W Nov 2X,final,C, - - CANCELLED - -,,,,,,,,,""
275 (F),15:54,4,W Nov 2X,final,B, - - CANCELLED - -,,,,,,,,,""
276 (G),16:00,5E,M #2 Int 4X+,final,B, - - CANCELLED - -,,,,,,,,,""
278 (I),16:12,6,M Int 4X+,final,C, - - CANCELLED - -,,,,,,,,,""
279 (J),16:18,6,M Int 4X+,final,B, - - CANCELLED - -,,,,,,,,,""
281 (L),16:30,8,M Prm 1X,final,B, - - CANCELLED - -,,,,,,,,,""
282 (M),16:36,9,W Prm 1X,final,B, - - CANCELLED - -,,,,,,,,,""
283 (N),16:42,13,W Int 2X,final,D, - - CANCELLED - -,,,,,,,,,""
284 (O),16:48,13,W Int 2X,final,C, - - CANCELLED - -,,,,,,,,,""
285 (P),16:54,13,W Int 2X,final,B, - - CANCELLED - -,,,,,,,,,""
286 (Q),17:00,15,W Nov 4+,final,B, - - CANCELLED - -,,,,,,,,,""
287 (R),17:06,25,M Nov 4X+,final,C, - - CANCELLED - -,,,,,,,,,""
288 (S),17:12,25,M Nov 4X+,final,B, - - CANCELLED - -,,,,,,,,,""
289 (T),17:18,27,W Clb 4X+,final,B, - - CANCELLED - -,,,,,,,,,""
290 (U),17:24,28,M Clb 1X,final,D, - - CANCELLED - -,,,,,,,,,""
291 (V),17:30,28,M Clb 1X,final,C, - - CANCELLED - -,,,,,,,,,""
292 (W),17:36,28,M Clb 1X,final,B, - - CANCELLED - -,,,,,,,,,""
293 (X),17:42,29,M Int 2X,final,D, - - CANCELLED - -,,,,,,,,,""
294 (Y),17:48,29,M Int 2X,final,C, - - CANCELLED - -,,,,,,,,,""
295 (Z),17:54,29,M Int 2X,final,B, - - CANCELLED - -,,,,,,,,,""
296 (A),18:00,34,W Clb 2-,final,B, - - CANCELLED - -,,,,,,,,,""
297 (B),18:06,37,M Nov 4+,final,B, - - CANCELLED - -,,,,,,,,,""
298 (C),18:12,42,W Clb 1X,final,D, - - CANCELLED - -,,,,,,,,,""
299 (D),18:18,42,W Clb 1X,final,C, - - CANCELLED - -,,,,,,,,,""
300 (E),18:24,42,W Clb 1X,final,B, - - CANCELLED - -,,,,,,,,,""
301 (F),18:30,44,M Clb 4X+,final,B, - - CANCELLED - -,,,,,,,,,""
302 (G),18:36,45E,W #2 Int 4X+,final,B, - - CANCELLED - -,,,,,,,,,""
303 (H),18:42,46,W Int 4X+,final,D, - - CANCELLED - -,,,,,,,,,""
304 (I),18:48,46,W Int 4X+,final,C, - - CANCELLED - -,,,,,,,,,""
305 (J),18:54,46,W Int 4X+,final,B, - - CANCELLED - -,,,,,,,,,""
306 (K),19:00,48,M Int 4+,final,B, - - CANCELLED - -,,,,,,,,,""
307 (L),19:06,50,M Snr 1X,final,B, - - CANCELLED - -,,,,,,,,,""
308 (M),19:12,54,M Clb 2-,final,C, - - CANCELLED - -,,,,,,,,,""
309 (N),19:18,54,M Clb 2-,final,B, - - CANCELLED - -,,,,,,,,,""
310 (O),19:24,55,W Int 1X,final,D, - - CANCELLED - -,,,,,,,,,""
311 (P),19:30,55,W Int 1X,final,C, - - CANCELLED - -,,,,,,,,,""
312 (Q),19:36,55,W Int 1X,final,B, - - CANCELLED - -,,,,,,,,,""
313 (R),19:42,56E,W #2 Nov 4X+,final,B, - - CANCELLED - -,,,,,,,,,""
314 (S),19:48,57,W Nov 4X+,final,C, - - CANCELLED - -,,,,,,,,,""
315 (T),19:54,57,W Nov 4X+,final,B, - - CANCELLED - -,,,,,,,,,""
316 (U),20:00,58,M Int 1X,final,D, - - CANCELLED - -,,,,,,,,,""
317 (V),20:06,58,M Int 1X,final,C, - - CANCELLED - -,,,,,,,,,""
318 (W),20:12,58,M Int 1X,final,B, - - CANCELLED - -,,,,,,,,,""
319 (X),20:18,59,M Nov 2X,final,D, - - CANCELLED - -,,,,,,,,,""
320 (Y),20:24,59,M Nov 2X,final,C, - - CANCELLED - -,,,,,,,,,""
321 (Z),20:30,59,M Nov 2X,final,B, - - CANCELLED - -,,,,,,,,,""
