"COMPETITOR NAMES, as at 6:21AM on Thursday 24th"
DAY 1: Saturday 19th September 2026
Race,Time,Event #,Event Type,Round,Division,Names
1 (A),08:30,1,W Mst C 2X,final,A,"Eleanor Chichester, Jacinda Allwood, Tanya McDermott, Belle Woods, Lisa Hale, Lena Cassidy-Clark, Julie Samuelson, Kristy Edhouse, Ella Keys, Kathryn Sigley"
2 (B),08:35,2,M Mst D 1X,heat,1,"Attila Karpati, Matt Bailey, Jerome Feuillade, Andreas Giannakogiorgos, Steve Westlake"
3 (C),08:40,2,M Mst D 1X,heat,2,"Martin Sharrock, Mladen Macanovic, Cameron Elliott, Dave Derecourt, Scott Inglis, David Speed"
4 (D),08:45,3,W Mst F 4X-,final,A,"Maria Chandler, Lynda Jelbert, Jolanda Meijer, Vivienne Ivory, Sue Wright, Anna Taylor, Sarah Sinclair, Tina Gunn, Maria Seymour, Jo-Anne Stokes, Liane McGee, Jo Young, Sharon Ducker, Michelle Reaks, Sharon Bray, Trudy Moulden"
5 (E),08:50,5,M Mst F 2X,final,A,"Kelvin Maker, Peter Fraser, Guy Aitchison, Greg Vanderpeet, Colin Wright, Desmond Healy, Tim Russell, Hamish Peters, Riaan van Greuning, Tony Corkery, Kevin Horan, Bruce Tate, Mike Harrison, Bradley Taylor"
6 (F),08:55,6,W Mst D 1X,final,A,"Inge Morton, Claire Venn, Debbie Rowe, Jane McGimpsey"
7 (G),09:00,7,M A-C 2-,final,A,"Jasper Baur, Wing Kam, Nathan Jones, Scott Alderson, Daniel Norman, Scott Griffin"
8 (H),09:05,8,W Mst B 4X-,final,A,"Benita Douglas, Alice Beban-France, Lynaree Burns, Debbie Sunnex, Leona Walpert, Lucy Catherine Mitchell, Danni Blizzard, Anna Quartero, Karen Verwey, Stacey Bax, Tanya McDermott, Belle Woods, Caroline Robertson, Natasha Baldwin, Jane Dee, Emilee Butler"
9 (I),09:10,9,W Mst A 1X,final,A,"Carmen Lammerding, Nicola Goss, Holly Gray, Amy Robson"
10 (J),09:15,10,M Mst E 2-,final,A,"Robert Young, Bryan Beardshaw, Simon Carey, Simon Taylor"
11 (K),09:20,11,W Mst I 1X,final,A,"Judy Shadbolt"
11 (K),09:20,12,W Mst G 2X,final,A,"Liz Jarmey, Catherine Kappelle"
11 (K),09:20,13,W Mst H 1X,final,A,"Alison McLeod"
12 (L),09:25,14,W Mst E 4X-,final,A,"Michelle de Jong, Heidi Oliver, Debbie Sunnex, Lynaree Burns, Melissa Bray, Jane Higgins, Trish Rice, Amanda Richards, Andrea Chadfield, Tamara Tesolin, Joanne Waller, Raechel Cummins, Emily Henderson, Alex Hunter, Louise O'Hagan, Helen Moore, Deborah Sorensen, Maria Seymour, Liane McGee, Vivienne Ivory"
13 (M),09:30,15,M G-M 8+,final,A,"Desmond Healy, Richard Brock, Murray Stewart, Alan Cleaver, Kerry Dombroski, Kevin Horan, Colin Wright, Bruce Tate, Sue O'Leary, Jon Sadler, Graham Watt, Gordon Williams, Steve Barns, Phillip Lee, Shaun Stuart-Jones, Nick Hanna, Bruce Wills, Julie Samuelson"
14 (N),09:35,2,M Mst D 1X,final,A,"Andreas Giannakogiorgos, Martin Sharrock, Mladen Macanovic, Steve Westlake, Jerome Feuillade, Attila Karpati"
15 (O),10:10,19,W MNw 4X+,final,A,"Emma Lowe, Lou Trent, Jacqueline Griffin, Raewynn White, Alice Beban-France, Leona Walpert, Kelly Lavalley, Anna Taylor, Sarah Sinclair, Carolyn Harrison, Jolanda Meijer, Paula Pope, Deborah Sorensen, Jo Young, Isaac Jelbert, Faith McGregor, Katy Amundsen Newton, Anna Loftus, Elly Arnst, Misha Young, Mandy Good, Rose Sharp, Loren Cameron, Rachel Lockwood, Jan Goddard, Lisa Hale, Vanessa Mace, Rebecca Jones, Amanda Johnstone, Grace Iremonger"
16 (P),10:15,20,W MNv 4X+,final,A,"Lucy Catherine Mitchell, Danni Blizzard, Felicity Newport, Anna Quartero, Naiya Wolpert, Lisa Somerset, Hayley Tamati, Amanda Taylor, Kimberley Jenkinson, Trish Fenton, Rachel Chellappa, Ashika Lal, Catriona Farac, Danielle Davies, Sharon Ducker"
17 (Q),10:20,21,Opn 1X (P),final,A,"Naomi Carter, Ian Winson, Pita Shelford, Ron Satherley"
18 (R),10:25,22,M Mst B 2X,final,A,"Paul Johnston, Paul Middleditch, Luke Edhouse, Nicholas Dawe, Jasper Baur, Wiebe Baron, Andrew Bealing, Rory Whitfield, Wing Kam, Parkwai Mak, Nathan Jones, Scott Alderson, Richard Moir, Valentin Frezouls"
19 (S),10:30,23,M MNw 4X+,final,A,"Stuart Fraser, Wade Vivian, Brian Wilson, Matt Bailey, Sue O'Leary, Quentin de Groot, Thomas Taylor, Hugh Ritchie, Wayne Bickers, Maryam Naminimianji, Garritt van Dyk, David Faville, Simon Harper, Evans Chogumaira, Tracey McMillan, Bradley Taylor, Riaan van Greuning, Glen Strachan, Nathan Reeve, Inge Morton"
20 (T),10:35,25,M Mst A 1X,final,A,"Callum Windley, Hugo Verdonk"
21 (U),10:40,26,Mx G-M 2X,final,A,"Liz MacFarlan, Chris Fotherby, Jacqui Beilby, Bruce Wills, Tony Corkery, Alison McLeod, Karen Billinghurst, Neville Robertson, Alan Cleaver, Trudy Moulden, Richard May, Jo-Anne Stokes"
22 (V),10:45,27,M Mst C 1X,final,A,"Jason O'Callaghan, Steve Westlake, Daniel Norman, Stephen Porteners, Nathan Jones, Hamish Peters"
23 (W),10:50,28,Mx D-F 4X-,division,1,"Donna Southwick, Helen Garland, Shaun Stuart-Jones, Sylvain Livernois, Sharon Bray, Jerome Feuillade, Michelle Reaks, Richie McFelin, Tina Gunn, Marleen Cleyndert, Mladen Macanovic, Andrew Webster, Faith McGregor, Desmond Healy, Jane McGimpsey, Colin Wright, Trish Rice, Liz Jarmey, Chas Todhunter, Andreas Giannakogiorgos, Jill Edwards, Jon Sadler, Richard Rennie, Debbie Rowe"
24 (X),10:55,28,Mx D-F 4X-,division,2,"Heidi Oliver, Michelle de Jong, Guy Aitchison, Greg Vanderpeet, Raima Turner-Abrahams, Vanessa Mace, David Harris, Phillip Lee, Kevin O'Hagan, Louise O'Hagan, Helen Moore, Andrew Wakelin, Debbie Sunnex, Lynaree Burns, Mark Swinburne, Robert Buddo, Menno van der Laan, John Hitchcock, Felicity Newport, Lucy Catherine Mitchell, Lynda Jelbert, Derek Wanders, Myles Johnson, Deidre Sheppard, Bryan Beardshaw, Robert Young, Andrea Chadfield, Tamara Tesolin"
25 (Y),11:00,28,Mx D-F 4X-,division,3,"Kelly Lavalley, Julie Glen, Josh Kempthorne, Steve Glen, Sophia Bidwell, Niklas Reisser, Mulle Arndt, Catherine Kappelle, Kris Jochimsen, Evan Brown, Attila Karpati, Raechel Cummins, Claudia Hellberg, Karen Lawry, David McCallum, Steve Barns, Miles McBain, Alice Beban-France, Benita Douglas, Gerry Steenkamer, Peter Fraser, Ger Sheehan, Tanya McDermott, Belle Woods"
26 (Z),11:05,29,W A-C 8+,final,A,"Hikaru Toyama, Adrienne Edwards, Kathryn Sigley, Sarah Middleditch, Nicki McGuigan, Melissa Bray, Jane Higgins, Ella Keys, Amandine Frezouls, Constanze Duell, Caroline Robertson, Jane Dee, Emilee Butler, Natasha Baldwin, Lisa Hale, Lena Cassidy-Clark, Amanda Johnstone, Grace Iremonger, Maria Seymour, Deborah Sorensen, Jacinda Allwood, Claire Venn, Jolanda Meijer, Eleanor Chichester, Elizabeth Cossar, Ange Rogers, Isaac Jelbert"
27 (A),11:40,34,W Mst D 2X,heat,1,"Susan Sawbridge, Helen Twose, Benita Douglas, Alice Beban-France, Michelle Reaks, Sharon Bray, Kris Jochimsen, Raechel Cummins, Ange Rogers, Vivienne Ivory, Julie Samuelson, Jennifer Nolan"
28 (B),11:45,34,W Mst D 2X,heat,2,"Loren Cameron, Tracey McMillan, Karen Lawry, Jacqui Beilby, Lisa Hale, Debbie Rowe, Gabrielle Gatt, Jo Mackay, Elizabeth Cossar, Claire Venn, Anthea van Greuning, Inge Morton, Jan Goddard, Stacey Bax"
29 (C),11:50,33,M G-M 4-,final,A,"Graham Watt, Tim Russell, Alan Cleaver, Gordon Williams, Murray Stewart, Richard Brock, Desmond Healy, Bruce Tate"
29 (C),11:50,35,W G-M 4-,final,A,"Yvonne Kasper, Trish Fenton, Liz MacFarlan, Carolyn Harrison, Judy Shadbolt, Tina Gunn, Sue Wright, Marleen Cleyndert"
30 (D),12:00,36,W Mst E 2-,final,A,"Aly Miehlbradt, Sharon Ducker, Adrienne Edwards, Jane Higgins"
30 (D),12:00,37,W Mst F 1X,final,A,"Donna Southwick"
31 (E),12:05,38,Mx A-C 4X-,division,1,"Maryam Naminimianji, Dave Derecourt, Terri-Ann Fetting, Callum Windley, Constanze Duell, Nicholas Dawe, Jill Edwards, Jason O'Callaghan, Belle Woods, Tanya McDermott, Scott Alderson, Nathan Jones, Stacey Wyatt, Josh Adam, Adam Howie, Jaedyn Thompson, Eve Mulder, Alice Kalmancsi, Scott Griffin, Daniel Norman"
32 (F),12:10,38,Mx A-C 4X-,division,2,"Eleanor Chichester, Myles Johnson, Michael Instone, Jacinda Allwood, Amandine Frezouls, Amanda Richards, Scott Inglis, Valentin Frezouls, Kathryn Sigley, Simon Carey, Steve Glen, Nicki McGuigan, Kelly Lavalley, Niklas Reisser, Mulle Arndt, Carmen Lammerding, Andrew Wakelin, Lauren Elizabeth, Alex Hunter, Stewart Widger, Peter Fraser, Rachel Lockwood, Ashlea Quirk, Ger Sheehan, Hikaru Toyama, Paul Middleditch, Paul Johnston, Ella Keys, Rory Whitfield, Menno van der Laan, Anna Quartero, Danni Blizzard"
33 (G),12:25,39,M D-F 8+,final,A,"Hugh Ritchie, Guy Aitchison, Thomas Taylor, Robert Buddo, Miles McBain, Mark Swinburne, Greg Vanderpeet, Gerry Steenkamer, Jacqueline Griffin, Kerry Dombroski, Desmond Healy, Alan Cleaver, Murray Stewart, Dave Hanley, Andrew Bealing, Kevin Horan, Bruce Tate, Sue O'Leary"
34 (H),12:30,34,W Mst D 2X,final,A,"Susan Sawbridge, Helen Twose, Michelle Reaks, Sharon Bray, Anthea van Greuning, Inge Morton, Gabrielle Gatt, Jo Mackay, Benita Douglas, Alice Beban-France, Kris Jochimsen, Raechel Cummins, Jan Goddard, Stacey Bax, Lisa Hale, Debbie Rowe"
35 (I),13:05,44,W Mst B 1X,final,A,"Eleanor Chichester, Constanze Duell, Nicola Goss"
36 (J),13:10,45,W Mst A 2X,final,A,"Stacey Wyatt, Jaedyn Thompson, Hikaru Toyama, Ella Keys, Sarah Brennan, Chloe Readman-Bell, Natasha Baldwin, Emilee Butler, Carmen Lammerding, Karen Verwey"
37 (K),13:15,46,W Mst C 1X,final,A,"Gabrielle Gatt, Stacey Bax, Kris Jochimsen, Caroline Robertson"
38 (L),13:20,47I,Mst 2X,final,A,"Ashlea Quirk, Naomi Carter, Susan Sawbridge, Ian Winson, Pita Shelford, Neville Robertson"
39 (M),13:25,48,M Mst C 4X-,final,A,"Nick Hanna, Luke Edhouse, Nicholas Dawe, Jason O'Callaghan, Tim Russell, Josh Adam, Adam Howie, Hamish Peters, Peter Fraser, Ger Sheehan, Scott Alderson, Nathan Jones"
40 (N),13:30,49,M Mst B 1X,final,A,"Niklas Reisser, Stewart Widger, Wing Kam"
41 (O),13:35,50,Mx MNw 2X,division,1,"Rose Sharp, Simon Harper, Jacqueline Griffin, Wayne Bickers, Michelle Reaks, Parkwai Mak, Matt Bailey, Elly Arnst, Vanessa Mace, David Speed, Sarah Sinclair, Nathan Reeve"
42 (P),13:40,50,Mx MNw 2X,division,2,"Julie Glen, Josh Kempthorne, Sophia Bidwell, Mulle Arndt, Riaan van Greuning, Anthea van Greuning, Karen Billinghurst, Garritt van Dyk, Amanda Taylor, Glen Strachan, Faith McGregor, Wade Vivian"
43 (Q),13:45,50,Mx MNw 2X,division,3,"Paul Isitt, Trish Rice, Andrew Webster, Rose Lampen-Smith, Emma Lowe, Thomas Taylor, Mandy Good, Evans Chogumaira, Raewynn White, Hugh Ritchie"
44 (R),13:50,51,Mx MNv 2X,final,A,"Stuart Fraser, Hayley Tamati, Danielle Davies, Wiebe Baron, Felicity Newport, Menno van der Laan, Lisa Somerset, Quentin de Groot, Bradley Taylor, Kimberley Jenkinson"
45 (S),13:55,53,Mx D-F 8+,final,A,"Amanda Johnstone, Lisa Hale, Mark Edgecombe, Dave Derecourt, Stephen Porteners, Richard Rennie, Lena Cassidy-Clark, Debbie Rowe, Grace Iremonger, Richard May, Michael Instone, Jo-Anne Stokes, Deidre Sheppard, Derek Wanders, Myles Johnson, Lynda Jelbert, Maria Chandler, Isaac Jelbert, Paul Middleditch, Simon Carey, Simon Taylor, Paul Johnston, Kathryn Sigley, Sarah Middleditch, Nicki McGuigan, Ella Keys, Hikaru Toyama, Catherine Kappelle, Amandine Frezouls, Amanda Richards, Liz Jarmey, Richard Moir, Valentin Frezouls, Chas Todhunter, Andreas Giannakogiorgos, Jayden Wooller, Susan Reade, Tamara Tesolin, Robert Young, Bryan Beardshaw, Evan Brown, Sam Pickles, Joanne Waller, Raechel Cummins, Cathy Stinear, Lynaree Burns, Alice Beban-France, Heidi Oliver, Benita Douglas, Scott Griffin, Mark Swinburne, Miles McBain, Gerry Steenkamer, Debbie Sunnex"
46 (T),14:00,52,Mx G-M 4X-,final,A,"Liz MacFarlan, Mike Harrison, John de Pont, Alison McLeod, Sharon Ducker, Richie McFelin, Alan Cleaver, Trudy Moulden, Yvonne Kasper, Tony Corkery, Carolyn Harrison, Chris Fotherby"
47 (U),14:35,57,M Mst F 2-,final,A,"Robert Young, Bryan Beardshaw, Guy Aitchison, Greg Vanderpeet, Kelvin Maker, Peter Fraser"
48 (V),14:40,58,M Mst E 1X,final,A,"Martin Sharrock, Steve Glen, Steve Westlake, David Harris, Ger Sheehan"
49 (W),14:45,60,W Mst E 1X,final,A,"Jan Goddard, Jo Mackay"
50 (X),14:50,62,M G-M 2-,final,A,"Chris Fotherby, John de Pont, Kevin Horan, Bruce Tate, Kerry Dombroski, Dave Hanley"
51 (Y),14:55,63,W MNw 1X,final,A,"Maryam Naminimianji, Sophia Bidwell, Naomi Carter, Vanessa Mace"
52 (Z),15:00,64,W MNv 2X,final,A,"Hayley Tamati, Emma Lowe, Susan Lands, Claudia Hellberg, Karen Billinghurst, Tracey McMillan, Rebecca Jones, Amanda Johnstone, Amanda Taylor, Kimberley Jenkinson, Emily Henderson, Lauren Elizabeth, Faith McGregor, Anna Loftus"
53 (A),15:10,61,W Mst G 4X-,final,A,"Yvonne Kasper, Carolyn Harrison, Sarah Sinclair, Marleen Cleyndert"
53 (A),15:10,65,Mx E-M 4-,final,A,"Bruce Wills, Nick Hanna, Jennifer Nolan, Jacqui Beilby, Elizabeth Cossar, Derek Wanders, Myles Johnson, Maria Chandler, Felicity Newport, Jane Dee, John Hitchcock, Menno van der Laan, Greg Vanderpeet, Lynaree Burns, Mark Swinburne, Debbie Sunnex, Catherine Kappelle, Liz Jarmey, Chas Todhunter, Scott Inglis"
54 (B),15:15,66,W H-M 2X,final,A,"Judy Shadbolt, Alison McLeod, Trish Fenton, Sue Wright"
55 (C),15:20,67,Mx A-D 4-,division,1,"Jaedyn Thompson, Josh Adam, Adam Howie, Stacey Wyatt, Alice Kalmancsi, Eve Mulder, Daniel Norman, Scott Griffin, Natasha Baldwin, Caroline Robertson, Rory Whitfield, Andrew Bealing, Julie Samuelson, Luke Edhouse, Nicholas Dawe, Kristy Edhouse"
56 (D),15:25,67,Mx A-D 4-,division,2,"Adrienne Edwards, Jane Higgins, Richard Moir, Valentin Frezouls, Ella Keys, Simon Taylor, Simon Carey, Nicki McGuigan, Alice Beban-France, Benita Douglas, Gerry Steenkamer, Miles McBain, Paul Johnston, Paul Middleditch, Sarah Middleditch, Kathryn Sigley, Rose Lampen-Smith, Inge Morton, Nathan Reeve, Mladen Macanovic"
57 (E),15:30,68,M MNw 1X,final,A,"Pita Shelford, Wayne Bickers, Evans Chogumaira, Andrew Webster, Mulle Arndt, Glen Strachan"
58 (F),15:35,69,M MNv 2X,final,A,"Wiebe Baron, Parkwai Mak, Josh Kempthorne, Michael Instone, Stuart Fraser, Quentin de Groot"

DAY 2: Sunday 20th September 2026
Race,Time,Event #,Event Type,Round,Division,Names
59 (A),08:00,73,Mx D-F 2X,division,1,"Jane Dee, Dave Hanley, Jane Higgins, Richard Moir, Raewynn White, Greg Vanderpeet, Sharon Bray, Steve Westlake, Derek Wanders, Deidre Sheppard, Kris Jochimsen, Evan Brown"
60 (B),08:05,73,Mx D-F 2X,division,2,"Michelle Reaks, Jerome Feuillade, Amanda Richards, Scott Inglis, Vanessa Mace, Phillip Lee, Leona Walpert, Menno van der Laan, Sylvain Livernois, Donna Southwick, Mladen Macanovic, Inge Morton"
61 (C),08:10,73,Mx D-F 2X,division,3,"Debbie Rowe, Richard Rennie, Julie Glen, Steve Glen, Sarah Sinclair, Andrew Webster, Colin Wright, Jane McGimpsey, Paula Pope, Myles Johnson, Paul Isitt, Trish Rice, John Hitchcock, Felicity Newport"
62 (D),08:15,73,Mx D-F 2X,division,4,"Benita Douglas, Gerry Steenkamer, Kevin O'Hagan, Louise O'Hagan, Michelle de Jong, Guy Aitchison, Raima Turner-Abrahams, David Harris, Trudy Moulden, Richie McFelin, Joanne Waller, Bryan Beardshaw"
63 (E),08:20,74,M MNw 2X,final,A,"Riaan van Greuning, Bradley Taylor, Pita Shelford, Garritt van Dyk, Glen Strachan, Nathan Reeve, Hugh Ritchie, Wayne Bickers, Simon Harper, Evans Chogumaira, Wade Vivian, Matt Bailey"
64 (F),08:25,77,W Mst B 2X,final,A,"Constanze Duell, Jill Edwards, Tanya McDermott, Karen Verwey, Kylee Corboy, Amy Robson, Sarah Brennan, Nicola Goss"
64 (F),08:25,79,W G-M 2-,final,A,"Trish Fenton, Sue Wright, Judy Shadbolt, Alison McLeod"
65 (G),08:30,78,W Mst C 4X-,final,A,"Eleanor Chichester, Ange Rogers, Jacinda Allwood, Elizabeth Cossar, Vanessa Mace, Karen Lawry, Maryam Naminimianji, Claudia Hellberg, Rachel Lockwood, Tracey McMillan, Stacey Bax, Belle Woods, Sophia Bidwell, Kelly Lavalley, Carmen Lammerding, Catherine Kappelle, Lisa Hale, Amanda Johnstone, Rebecca Jones, Lena Cassidy-Clark, Sarah Middleditch, Ella Keys, Kathryn Sigley, Nicki McGuigan, Caroline Robertson, Leona Walpert, Natasha Baldwin, Jane Dee, Alex Hunter, Emily Henderson, Lauren Elizabeth, Helen Moore, Susan Sawbridge, Gabrielle Gatt, Helen Twose, Jo Mackay"
66 (H),08:35,76,W Mst A 4X-,final,A,"Emilee Butler, Lucy Catherine Mitchell, Danni Blizzard, Anna Quartero"
66 (H),08:35,81,M A-C 8+,final,A,"Niklas Reisser, Valentin Frezouls, Steve Glen, Chas Todhunter, Simon Taylor, Simon Carey, Paul Middleditch, Paul Johnston, Amandine Frezouls"
67 (I),08:40,80,M G-M 4X-,final,A,"Tony Corkery, Mike Harrison, Chris Fotherby, John de Pont, Mark Swinburne, Kerry Dombroski, Robert Buddo, Kevin Horan, Richard Brock, Desmond Healy, Murray Stewart, Bruce Tate, Graham Watt, Tim Russell, Gordon Williams, Alan Cleaver"
68 (J),09:15,85,M Mst D 2X,heat,1,"Martin Sharrock, Steve Westlake, David Harris, David Speed, Paul Isitt, Scott Inglis, Riaan van Greuning, Nathan Reeve, Mark Edgecombe, Richard Rennie, Josh Kempthorne, Steve Glen"
69 (K),09:20,85,M Mst D 2X,heat,2,"Shaun Stuart-Jones, Sylvain Livernois, Stephen Porteners, Dave Derecourt, Kevin O'Hagan, Stewart Widger, Miles McBain, Gerry Steenkamer, Chas Todhunter, Andreas Giannakogiorgos"
70 (L),09:25,87,W MNv 4+,final,A,"Amanda Taylor, Hayley Tamati, Lisa Somerset, Kimberley Jenkinson, Anna Taylor"
70 (L),09:25,88,W Mst E 2X,final,A,"Raima Turner-Abrahams, Vanessa Mace, Tina Gunn, Marleen Cleyndert, Melissa Bray, Jane Higgins, Rose Lampen-Smith, Inge Morton"
71 (M),09:30,89,M Mst F 1X,final,A,"Colin Wright, Dave Hanley, Kevin Horan, Kelvin Maker, Mulle Arndt, Peter Fraser, Jon Sadler"
72 (N),09:35,86,W MNw 2X,heat,1,"Naomi Carter, Tracey McMillan, Maryam Naminimianji, Terri-Ann Fetting, Michelle Reaks, Danielle Davies, Rebecca Jones, Amanda Johnstone"
73 (O),09:40,86,W MNw 2X,heat,2,"Leona Walpert, Felicity Newport, Faith McGregor, Elly Arnst, Trish Rice, Amandine Frezouls, Paula Pope, Jacinda Allwood, Sophia Bidwell, Kelly Lavalley"
74 (P),09:45,90,W Mst D 2-,final,A,"Benita Douglas, Alice Beban-France"
75 (Q),09:50,91,W H-M 4X-,final,A,"Yvonne Kasper, Alison McLeod, Liz MacFarlan, Carolyn Harrison"
75 (Q),09:50,92,M H-M 2X,final,A,"Chris Fotherby, John de Pont, Bruce Wills, Nick Hanna, Neville Robertson, Graham Watt"
76 (R),09:55,93,W Mst F 2X,final,A,"Aly Miehlbradt, Nikki Douglas, Sharon Bray, Trudy Moulden, Vivienne Ivory, Liane McGee, Debbie Sunnex, Michelle de Jong, Louise O'Hagan, Helen Moore"
77 (S),10:00,85,M Mst D 2X,final,A,"Chas Todhunter, Andreas Giannakogiorgos, Kevin O'Hagan, Stewart Widger, Martin Sharrock, Steve Westlake, Stephen Porteners, Dave Derecourt, Paul Isitt, Scott Inglis, David Harris, David Speed"
78 (T),10:05,94,W Mst G 1X,final,A,"Sharon Ducker, Raima Turner-Abrahams"
79 (U),10:10,95,M Mst G 2X,final,A,"Menno van der Laan, John Hitchcock, Gerry Steenkamer, Alan Cleaver, Desmond Healy, Bruce Tate"
80 (V),10:15,96,M Mst E 4X-,final,A,"Sylvain Livernois, Shaun Stuart-Jones, Phillip Lee, Steve Barns, Hugh Ritchie, Wayne Bickers, Guy Aitchison, Thomas Taylor, Steve Glen, Simon Taylor, Paul Johnston, Paul Middleditch, Peter Fraser, Kelvin Maker, Ger Sheehan, Nathan Jones, Bradley Taylor, Mike Harrison, Andrew Webster, Mladen Macanovic"
81 (W),10:20,97,Mx A-C 8+,final,A,"Mark Swinburne, Scott Alderson, Tanya McDermott, Karen Verwey, Alice Kalmancsi, Eve Mulder, Scott Griffin, Daniel Norman, Jacqueline Griffin, Sarah Brennan, Tim Russell, Chloe Readman-Bell, Josh Adam, Adam Howie, Hamish Peters, Jaedyn Thompson, Stacey Wyatt, Amy Robson, Stuart Fraser, Brian Wilson, Anna Loftus, Matt Bailey, Rachael Corcoran, Wade Vivian, Katy Amundsen Newton, Jane McGimpsey, Sue O'Leary"
82 (X),10:25,86,W MNw 2X,final,A,"Sophia Bidwell, Kelly Lavalley, Maryam Naminimianji, Terri-Ann Fetting, Leona Walpert, Felicity Newport, Naomi Carter, Tracey McMillan, Trish Rice, Amandine Frezouls, Michelle Reaks, Danielle Davies, Faith McGregor, Elly Arnst, Rebecca Jones, Amanda Johnstone"
83 (Y),11:00,101,M Mst E 2X,final,A,"Evan Brown, Attila Karpati, Derek Wanders, Myles Johnson, David Speed, Phillip Lee, Martin Sharrock, Steve Westlake, Kevin O'Hagan, Andrew Wakelin, Jerome Feuillade, Richie McFelin, Shaun Stuart-Jones, Steve Barns"
84 (Z),11:05,102,Mx A-C 2X,division,1,"Nicola Goss, Callum Windley, Ashlea Quirk, Scott Alderson, Holly Gray, Hugo Verdonk"
85 (A),11:10,102,Mx A-C 2X,division,2,"Natasha Baldwin, Andrew Bealing, Rachel Chellappa, Wing Kam, Luke Edhouse, Kristy Edhouse, Alex Hunter, Stewart Widger, Alice Beban-France, Miles McBain, Jason O'Callaghan, Jill Edwards"
86 (B),11:15,102,Mx A-C 2X,division,3,"Danielle Davies, Jasper Baur, Felicity Newport, Rory Whitfield, Scott Griffin, Alice Kalmancsi, Amandine Frezouls, Valentin Frezouls, Niklas Reisser, Carmen Lammerding"
87 (C),11:20,103,M Mst D 4X-,final,A,"Paul Middleditch, Simon Taylor, Josh Kempthorne, Paul Johnston, Mark Edgecombe, Stephen Porteners, Richard Rennie, Dave Derecourt, Richard Moir, Scott Inglis, Chas Todhunter, Andreas Giannakogiorgos"
88 (D),11:25,104,M Mst I 1X,final,A,"Neville Robertson"
88 (D),11:25,108,M Mst H 1X,final,A,"Chris Fotherby, Graham Watt, Richard Brock"
89 (E),11:30,106,Mx MNw 4X+,final,A,"Stuart Fraser, Katy Amundsen Newton, Brian Wilson, Anna Loftus, Sue O'Leary, Mandy Good, Simon Harper, Rachel Lockwood, Evans Chogumaira, Belle Woods, Faith McGregor, Wade Vivian, Matt Bailey, Elly Arnst, Misha Young, Anna Taylor, Sarah Sinclair, Riaan van Greuning, Nathan Reeve, Tony Corkery, Hugh Ritchie, Quentin de Groot, Hayley Tamati, Lisa Somerset, Maryam Naminimianji, Amanda Taylor, Kimberley Jenkinson, Bradley Taylor, Glen Strachan, Carolyn Harrison, Emma Lowe, Lou Trent, Thomas Taylor, Wayne Bickers, Aly Miehlbradt"
90 (F),11:35,107,Mx MNv 4X+,final,A,"Ashika Lal, Catriona Farac, Parkwai Mak, Wiebe Baron, Wing Kam, Garritt van Dyk, Pita Shelford, Karen Billinghurst, Naomi Carter, Harriet Wilson, Luke Edhouse, Menno van der Laan, Claudia Hellberg, Vanessa Mace, Susan Lands"
91 (G),11:40,111,W D-F 8+,final,A,"Maria Seymour, Paula Pope, Jo Young, Liane McGee, Jolanda Meijer, Eleanor Chichester, Deborah Sorensen, Ange Rogers, John Hitchcock, Tina Gunn, Trish Fenton, Sue Wright, Marleen Cleyndert, Lorraine Anderson, Anthea van Greuning, Rose Lampen-Smith, Inge Morton, Alison McLeod, Elizabeth Cossar, Maria Chandler, Jo-Anne Stokes, Jacinda Allwood, Lynda Jelbert, Deidre Sheppard, Claire Venn, Vivienne Ivory, Isaac Jelbert, Karen Lawry, Terri-Ann Fetting, Jacqui Beilby, Lisa Hale, Julie Samuelson, Debbie Rowe, Jennifer Nolan, Jill Edwards, Grace Iremonger, Heidi Oliver, Michelle de Jong, Lynaree Burns, Jacqueline Griffin, Benita Douglas, Eve Mulder, Raewynn White, Debbie Sunnex, Naiya Wolpert, Andrea Chadfield, Kris Jochimsen, Judy Shadbolt, Margot Chandler, Susan Reade, Tamara Tesolin, Joanne Waller, Raechel Cummins, Cathy Stinear"
92 (H),11:45,109,M Mst G 1X,final,A,"Bruce Tate, Alan Cleaver, Gerry Steenkamer"
93 (I),11:50,110,M Mst F 4X-,final,A,"Kerry Dombroski, Dave Hanley, Kevin Horan, Andrew Bealing, Neville Robertson, Kelvin Maker, Peter Fraser, Ger Sheehan, Robert Buddo, Mark Swinburne, Greg Vanderpeet, Guy Aitchison, Myles Johnson, Richard May, Michael Instone, Derek Wanders"
94 (J),12:20,115,W D-F 4-,final,A,"Susan Reade, Trudy Moulden, Joanne Waller, Raechel Cummins, Melissa Bray, Catherine Kappelle, Liz Jarmey, Amanda Richards, Jane Higgins, Sarah Middleditch, Nicki McGuigan, Adrienne Edwards, Emma Lowe, Raewynn White, Lou Trent, Jacqueline Griffin"
95 (K),12:25,116,W A-C 2-,final,A,"Benita Douglas, Alice Beban-France, Emilee Butler, Jane Dee"
96 (L),12:30,117,M Mst C 2X,final,A,"Andrew Wakelin, Stewart Widger, Wiebe Baron, Wing Kam, Scott Griffin, Daniel Norman, Niklas Reisser, Mulle Arndt, Ger Sheehan, Nathan Jones, Martin Sharrock, Steve Westlake, Scott Alderson, Peter Fraser"
97 (M),12:35,118,M D-F 4-,final,A,"Paul Middleditch, Simon Carey, Simon Taylor, Paul Johnston, Wayne Bickers, Thomas Taylor, Guy Aitchison, Hugh Ritchie, Dave Hanley, Kerry Dombroski, Kevin Horan, Andrew Bealing, Richard Moir, Valentin Frezouls, Scott Inglis, Chas Todhunter, Evan Brown, Attila Karpati, Robert Young, Bryan Beardshaw, Mark Swinburne, Robert Buddo, Greg Vanderpeet, Gerry Steenkamer"
97 (M),12:35,121,Mx G-M 8+,final,A,"Yvonne Kasper, Mike Harrison, Tony Corkery, Carolyn Harrison, Liz MacFarlan, Trish Fenton, Chris Fotherby, John de Pont, Tina Gunn"
98 (N),12:40,119,M Mst A 2X,final,A,"Josh Adam, Adam Howie, Parkwai Mak, Jasper Baur"
99 (O),13:10,125,W Mst D 4X-,heat,1,"Julie Samuelson, Jennifer Nolan, Jacqui Beilby, Kristy Edhouse, Mandy Good, Ashlea Quirk, Karen Billinghurst, Tracey McMillan, Sharon Ducker, Michelle Reaks, Sharon Bray, Trudy Moulden, Paula Pope, Jacinda Allwood, Jolanda Meijer, Ange Rogers, Kris Jochimsen, Joanne Waller, Andrea Chadfield, Tamara Tesolin"
100 (P),13:15,125,W Mst D 4X-,heat,2,"Ashika Lal, Danielle Davies, Catriona Farac, Rachel Chellappa, Heidi Oliver, Debbie Sunnex, Michelle de Jong, Lynaree Burns, Sophia Bidwell, Anna Taylor, Amanda Taylor, Kelly Lavalley, Susan Sawbridge, Gabrielle Gatt, Helen Twose, Jo Mackay, Kimberley Jenkinson, Lorraine Anderson, Sarah Sinclair, Rose Lampen-Smith, Deborah Sorensen, Claire Venn, Deidre Sheppard, Elizabeth Cossar"
101 (Q),13:20,126,M Mst D 2-,final,A,"Wayne Bickers, Quentin de Groot, Dave Hanley, Andrew Bealing"
102 (R),13:25,127,W A-C 4-,final,A,"Sarah Brennan, Stacey Wyatt, Jaedyn Thompson, Chloe Readman-Bell, Karen Verwey, Stacey Bax, Tanya McDermott, Belle Woods, Kathryn Sigley, Nicki McGuigan, Hikaru Toyama, Ella Keys, Natasha Baldwin, Caroline Robertson, Jane Dee, Emilee Butler, Benita Douglas, Eve Mulder, Alice Beban-France, Alice Kalmancsi"
102 (R),13:25,128,M A-C 4-,final,A,"Peter Fraser, Ger Sheehan, Scott Alderson, Nathan Jones"
102 (R),13:25,129,W G-M 8+,final,A,"Yvonne Kasper, Alison McLeod, Judy Shadbolt, Carolyn Harrison, Liz MacFarlan, Trish Fenton, Sue Wright, Marleen Cleyndert, Tina Gunn"
103 (S),13:45,125,W Mst D 4X-,final,A,"Mandy Good, Ashlea Quirk, Karen Billinghurst, Tracey McMillan, Sharon Ducker, Michelle Reaks, Sharon Bray, Trudy Moulden, Julie Samuelson, Jennifer Nolan, Jacqui Beilby, Kristy Edhouse, Kris Jochimsen, Joanne Waller, Andrea Chadfield, Tamara Tesolin, Susan Sawbridge, Gabrielle Gatt, Helen Twose, Jo Mackay, Heidi Oliver, Debbie Sunnex, Michelle de Jong, Lynaree Burns, Deborah Sorensen, Claire Venn, Deidre Sheppard, Elizabeth Cossar, Kimberley Jenkinson, Lorraine Anderson, Sarah Sinclair, Rose Lampen-Smith"
