34,14,f,1,"",Official,1,MLA* 1,4:34.47,2,CAMC 1,4:34.92,3,PCUC 1,4:57.20,4,UNCC 1,5:02.05,5,CAM* 2,5:09.28,6,DGNC 1,5:14.64,7,BLEC 1,5:28.09,8,UNCC 2,5:41.64
34,14,h,1,"1,2,3,4,5->Final; Rest->Eliminated",Official,99,WELC 2,SCR
36,3,f,1,"",Official,1,CUR* 1,4:43.34,2,RIVC 1,5:01.16,3,DGNC 1,5:14.81
34,14,f,1,"",Official,1,MLA* 1,4:34.47,2,CAMC 1,4:34.92,3,PCUC 1,4:57.20,4,UNCC 1,5:02.05,5,CAM* 2,5:09.28,6,DGNC 1,5:14.64,7,BLEC 1,5:28.09,8,UNCC 2,5:41.64,99,DGNC 2,DNS
34,14,h,1,"1,2,3,4,5->Final; Rest->Eliminated",Official,99,WELC 2,SCR
37,8,f,1,"",Official,1,HWB* 1,4:08.93,2,AVNC 1,4:28.19,3,DUA* 1,4:36.28,4,PETC 1,4:45.85,99,WELC 1,SCR
38,15,f,1,"",Official,1,HOR* 1,4:14.81
40,19E,f,1,"",Official,1,UNCC 1,5:16.79,2,WELC 1,5:23.27,3,AVN* 1,5:48.52
41,19,f,1,"",Official,1,UNCC 1,5:31.16,2,BLEC 1,5:43.84,3,HWB* 1,6:02.41
42,22E,f,1,"",Official,1,WKOC 1,5:05.49,2,WKOC 2,5:10.42,3,HWB* 1,5:17.74
42,22,f,1,"",Official,1,AVN* 1,5:22.04
43,26,d,1,"",Official,1,NELC 1,4:08.28,2,UNCC 1,4:15.28,3,HWBC 2,4:18.34,4,CTYC 1,4:26.66,5,WHA* 1,4:33.55,6,UNCC 2,4:48.50
44,26,d,2,"",Official,1,UNCC 3,4:40.80,2,CAM* 1,4:48.38,3,HAMC 1,4:57.38,4,UNCC 4,5:04.86,5,WELC 1,5:16.03,6,BLEC 2,5:25.35,7,WELC 2,5:33.16,8,BLEC 3,5:53.87
40,19E,f,1,"",Official,1,UNCC 1,5:16.79,2,WELC 1,5:23.27,3,AVN* 1,5:48.52
42,22E,f,1,"",Official,1,WKOC 1,5:05.49,2,WKOC 2,5:10.42,3,HWB* 1,5:17.74
46,27,f,1,"",Official,1,DUA* 1,0:36.80,2,CAM* 1,0:44.20,3,AVN* 1,0:52.10,4,WHA* 1,1:00.20
46,41,f,1,"",Official,1,PICC 1,0:15.60
46,27,f,1,"",Official,1,CAM* 1,NTT,2,AVN* 1,NTT,3,WHA* 1,NTT,4,DUA* 1,NTT,99,WEL* 1,DNF
46,41,f,1,"",Official,1,PICC 1,NTT
46,27,f,1,"",Official,1,DUA* 1,0:36.80,2,CAM* 1,0:44.20,3,AVN* 1,0:52.10,4,WHA* 1,1:00.20,99,WEL* 1,DNF
46,41,f,1,"",Official,1,PICC 1,0:15.60
47,31,f,1,"",Official,1,HOR* 1,4:18.58,2,AWRC 1,4:44.08
48,36,d,1,"",Official,1,UNCC 3,3:59.18,2,BPCC 1,4:04.61,3,HWBC 2,4:13.17,4,DGN* 1,4:21.60,5,WHA* 1,4:32.17,99,PETC 1,SCR
49,36,d,2,"",Official,1,PIC* 1,4:23.59,2,UNCC 1,4:35.97,3,HWBC 1,4:49.70,4,UNCC 2,5:02.36,99,BLEC 1,SCR,99,DUAC 1,SCR
50,37,f,1,"",Official,1,HOR* 1,3:53.11,2,DUA* 1,3:53.34,3,AVN* 2,4:02.08,4,WKOC 1,4:15.68,5,CTY* 1,4:23.93,6,WEL* 1,4:25.67,7,HAM* 1,4:29.81,8,AVNC 1,4:30.59
53,49,f,1,"",Official,1,AWR* 1,4:41.19,2,CAMC 1,4:44.37,3,PCUC 1,5:17.35
46,27,f,1,"",Official,1,DUA* 1,0:36.80,2,CAM* 1,0:44.20,3,AVN* 1,0:52.10,4,WHA* 1,1:00.20,99,WEL* 1,DNF
46,41,f,1,"",Official,1,PICC 1,0:15.60
46,27,f,1,"",Official,1,DUA* 1,NTT,2,CAM* 1,NTT,3,AVN* 1,NTT,4,WHA* 1,NTT,99,WEL* 1,DNF
46,41,f,1,"",Official,1,PICC 1,NTT
52,46,f,1,"",Official,1,PIC* 1,3:49.14,2,UNCC 1,3:54.41,3,UNCC 2,3:56.92,4,WHA* 1,4:10.50,5,AVNC 2,4:13.54,6,BLEC 1,4:34.66,7,AVNC 1,4:38.28
54,50,f,1,"",Official,1,UNCC 2,3:46.66,2,DUA* 1,3:56.50,3,AVNC 1,4:03.09,4,WHA* 1,4:09.03,5,CTYC 1,4:09.72,6,HWBC 1,4:13.00,7,UNCC 1,4:33.08,99,DGN* 1,SCR
55,58,f,1,"",Official,1,CRO* 1,4:33.54
56,61,f,1,"",Official,1,CAMC 1,4:48.76,99,WELC 1,SCR
56,61,f,1,"",Official,1,CAMC 1,4:48.76,99,UNCC 2,DNS,99,AVNC 1,DNS,99,WELC 1,SCR,99,BLEC 1,DNS,99,CTYC 1,DNS,99,UNCC 1,DNS
57,63,d,1,"",Official,1,PIC* 1,3:41.24,2,AVNC 1,3:45.78,3,UNCC 2,3:46.03,4,DUA* 1,3:50.54,5,AVNC 2,3:57.66,6,HWBC 2,3:58.64,99,WELC 1,SCR
58,63,d,2,"",Official,1,HWBC 1,3:52.55,2,NELC 1,3:57.45,3,UNCC 1,4:29.26,4,DGNC 1,4:39.81,99,HAMC 1,SCR,99,WEL* 2,SCR,99,PETC 1,SCR
